-- MySQL dump 10.13  Distrib 8.0.16, for Win64 (x86_64)
--
-- Host: 127.0.0.1    Database: ipr
-- ------------------------------------------------------
-- Server version	5.5.33

/*!40101 SET @OLD_CHARACTER_SET_CLIENT=@@CHARACTER_SET_CLIENT */;
/*!40101 SET @OLD_CHARACTER_SET_RESULTS=@@CHARACTER_SET_RESULTS */;
/*!40101 SET @OLD_COLLATION_CONNECTION=@@COLLATION_CONNECTION */;
 SET NAMES utf8 ;
/*!40103 SET @OLD_TIME_ZONE=@@TIME_ZONE */;
/*!40103 SET TIME_ZONE='+00:00' */;
/*!40014 SET @OLD_UNIQUE_CHECKS=@@UNIQUE_CHECKS, UNIQUE_CHECKS=0 */;
/*!40014 SET @OLD_FOREIGN_KEY_CHECKS=@@FOREIGN_KEY_CHECKS, FOREIGN_KEY_CHECKS=0 */;
/*!40101 SET @OLD_SQL_MODE=@@SQL_MODE, SQL_MODE='NO_AUTO_VALUE_ON_ZERO' */;
/*!40111 SET @OLD_SQL_NOTES=@@SQL_NOTES, SQL_NOTES=0 */;

--
-- Table structure for table `aligner_details`
--

DROP TABLE IF EXISTS `aligner_details`;
/*!40101 SET @saved_cs_client     = @@character_set_client */;
 SET character_set_client = utf8mb4 ;
CREATE TABLE `aligner_details` (
  `Current_stage` varchar(25) DEFAULT NULL,
  `Total_stage` int(4) DEFAULT NULL,
  `AlignerFrom` int(4) DEFAULT NULL,
  `AlignerTo` int(4) DEFAULT NULL,
  `U_Zero_Aligner` int(4) DEFAULT NULL,
  `U_ATT` int(4) DEFAULT NULL,
  `U_Active` int(4) DEFAULT NULL,
  `U_Passive` int(4) DEFAULT NULL,
  `U_Total_Aligner` int(4) DEFAULT NULL,
  `L_Zero_Aligner` int(4) DEFAULT NULL,
  `L_ATT` int(4) DEFAULT NULL,
  `L_Active` int(4) DEFAULT NULL,
  `L_Passive` int(4) DEFAULT NULL,
  `L_Total_Aligner` int(4) DEFAULT NULL,
  `plan_no` varchar(10) DEFAULT NULL,
  `Case_Id` int(25) DEFAULT NULL,
  KEY `Case_Id` (`Case_Id`,`plan_no`),
  CONSTRAINT `aligner_details_ibfk_1` FOREIGN KEY (`Case_Id`, `plan_no`) REFERENCES `plan_details` (`Case_Id`, `plan_no`)
) ENGINE=InnoDB DEFAULT CHARSET=latin1;
/*!40101 SET character_set_client = @saved_cs_client */;

--
-- Dumping data for table `aligner_details`
--

LOCK TABLES `aligner_details` WRITE;
/*!40000 ALTER TABLE `aligner_details` DISABLE KEYS */;
INSERT INTO `aligner_details` VALUES ('Refinement',0,102,2,5,2,114,4,7,5,2,0,1,4,'1a',2000),('2',0,102,2,5,2,114,4,7,5,2,0,1,4,'1b',2000),('2',0,0,0,0,1,9,0,10,0,1,6,0,7,'1',1811071182),('1',2,0,0,1,1,23,0,25,1,1,23,0,25,'1',1907071479),('1',2,0,0,1,1,23,0,25,1,1,23,0,25,'1',1907335482),('2',0,0,0,0,1,3,0,4,0,1,8,0,9,'1',1812065201),('2',2,21,40,0,1,20,0,21,0,1,20,0,21,'2',1806091052),('2',2,2,2,3,1,3,2,33,1,1,8,0,21,'4a',1806091052),('1',1,1,1,0,1,20,0,21,0,1,20,0,21,'5a',1806091052),('0',0,0,0,1,1,30,0,32,1,1,30,0,32,'1',1907365476),('0',0,0,0,1,1,33,0,35,1,1,33,0,35,'1',1907065490),('0',0,0,0,0,1,15,0,16,0,1,15,0,16,'1',1907071485),('0',0,0,0,1,1,30,0,32,1,1,30,0,32,'1',1907365478),('0',0,0,0,1,1,30,0,32,1,1,30,0,32,'1',1907065494),('0',0,0,0,1,1,23,0,25,1,1,23,0,25,'1',1907065492),('0',0,0,0,1,1,30,0,32,1,1,30,0,32,'1',1907065491),('0',0,0,0,1,1,55,0,57,1,1,55,0,57,'2',1907091484),('0',0,0,0,1,1,33,0,35,1,1,33,0,35,'1',1907065495),('REFINEMENT',0,0,0,0,1,3,0,4,0,1,3,0,4,'',1812065201),('0',0,0,0,1,1,45,0,47,1,1,45,0,47,'1',1907191483),('0',0,0,0,0,1,9,0,10,0,1,5,0,6,'1',1802071932),('0',0,0,0,1,1,20,0,22,1,1,20,0,22,'1',1907067498),('0',0,0,0,1,1,33,0,35,1,1,33,0,35,'1',1907075496),('0',0,0,0,1,1,20,0,22,1,1,20,0,22,'1',1907097500),('0',0,0,0,1,1,23,0,25,1,1,23,0,25,'1',1907061497),('0',0,0,0,1,1,25,0,27,1,1,25,0,27,'1',1902071276),('0',0,0,0,1,1,19,0,21,1,1,19,0,21,'1',1906191450),('0',0,0,0,1,1,25,0,27,1,1,25,0,27,'1',1907065502),('0',0,0,0,1,1,19,0,21,1,1,19,0,21,'2',1906191450),('0',0,0,0,1,1,9,0,11,1,1,17,0,19,'2',1907065502),('0',0,0,0,1,1,14,0,16,1,1,14,0,16,'2',1907061497),('0',0,0,0,1,1,9,0,11,1,1,17,0,19,'3',1907065502),('0',0,0,0,1,1,25,0,27,1,1,23,0,25,'1',1907071508),('0',0,0,0,1,1,33,0,35,1,1,33,0,35,'1',1907075504),('0',0,0,0,1,1,30,0,32,1,1,30,0,32,'1',1907365503),('0',0,0,0,1,1,30,0,32,1,1,30,0,32,'2',1907365503),('0',0,0,0,1,1,20,0,22,1,1,20,0,22,'1',1907071486),('0',0,0,0,1,1,20,0,22,1,1,20,0,22,'2',1907071486),('0',0,0,0,0,0,0,0,0,1,1,23,0,25,'1',1907075506),('0',0,0,0,1,1,33,0,35,1,1,33,0,35,'1',1907075509),('0',0,0,0,1,1,35,0,37,1,1,35,0,37,'1',1907075507),('0',0,0,0,1,1,35,0,37,1,1,35,0,37,'1',1907295515),('0',0,0,0,1,1,38,0,40,1,1,38,0,40,'1',1907295516),('0',0,0,0,1,1,30,0,32,0,0,0,0,0,'1',1907071512),('0',0,0,0,1,1,33,0,35,1,1,33,0,35,'1',1907071505),('refinement',0,0,0,0,1,3,0,4,0,0,2,0,2,'1',1809071121),('Refinement',1,21,25,0,1,5,0,6,0,1,5,0,6,'1a',1902295281),('0',0,0,0,1,1,15,0,17,1,1,15,0,17,'1',1907071520),('Refinement',1,21,25,0,1,5,0,6,0,1,5,0,6,'1b',1902295281),('0',0,0,0,1,1,15,0,17,0,0,0,0,0,'1',1907071517),('00',0,0,0,0,0,0,0,0,0,0,0,0,0,'1',5000),('00',0,0,0,0,0,0,0,0,0,0,0,0,0,'2',5000),('00',0,0,0,0,0,0,0,0,0,0,0,0,0,'3',5000),('00',0,0,0,0,0,0,0,0,0,0,0,0,0,'4',5000),('00',0,0,0,0,0,0,0,0,0,0,0,0,0,'5',5000),('0',0,0,0,0,0,0,0,0,0,0,0,0,0,'1',6000),('0',0,0,0,0,0,0,0,0,0,0,0,0,0,'2',6000),('0',0,0,0,1,1,30,0,32,1,1,30,0,32,'1',1907075511),('0',0,0,0,1,1,25,0,27,1,1,25,0,27,'1',1907061514),('0',0,0,0,1,1,30,0,32,1,1,30,0,32,'1',1907295499);
/*!40000 ALTER TABLE `aligner_details` ENABLE KEYS */;
UNLOCK TABLES;

--
-- Table structure for table `catstart`
--

DROP TABLE IF EXISTS `catstart`;
/*!40101 SET @saved_cs_client     = @@character_set_client */;
 SET character_set_client = utf8mb4 ;
CREATE TABLE `catstart` (
  `starter_kit` varchar(10) DEFAULT NULL,
  `category` varchar(20) DEFAULT NULL,
  `plan_no` varchar(10) DEFAULT NULL,
  `Case_Id` int(25) DEFAULT NULL,
  KEY `Case_Id` (`Case_Id`,`plan_no`),
  CONSTRAINT `catstart_ibfk_1` FOREIGN KEY (`Case_Id`, `plan_no`) REFERENCES `plan_details` (`Case_Id`, `plan_no`)
) ENGINE=InnoDB DEFAULT CHARSET=latin1;
/*!40101 SET character_set_client = @saved_cs_client */;

--
-- Dumping data for table `catstart`
--

LOCK TABLES `catstart` WRITE;
/*!40000 ALTER TABLE `catstart` DISABLE KEYS */;
INSERT INTO `catstart` VALUES ('YES','AWS-30','1a',2000),('NO','AWS-30','1b',2000),('NO','AWD-25','1',1811071182),('YES','AWD-25','1',1907071479),('YES','AWD-25','1',1907335482),('NO','AWD-15','1',1812065201),('NO','','2',1806091052),('YES','awd 25','4a',1806091052),('NO','AWD 35+','5a',1806091052),('YES','AWD-35','1',1907365476),('YES','AWD-35','1',1907065490),('NO','AWD-15','1',1907071485),('YES','AWD-35','1',1907365478),('YES','AWD-35','1',1907065494),('YES','AWD-25','1',1907065492),('YES','AWD-35','1',1907065491),('YES','AWD-25+','2',1907091484),('YES','AWD-35','1',1907065495),('YES','AWD-15','',1812065201),('YES','AWD-25+','1',1907191483),('YES','AWD-25','1',1802071932),('YES','AWD-20','1',1907067498),('YES','AWD-35','1',1907075496),('YES','AWD-20','1',1907097500),('YES','AWD-25','1',1907061497),('YES','AWD-25','1',1902071276),('YES','AWD-20','1',1906191450),('YES','AWD-25','1',1907065502),('YES','AWD-20','2',1906191450),('YES','AWD-25','2',1907065502),('YES','AWD-15','2',1907061497),('YES','AWS-30','3',1907065502),('YES','AWD-25','1',1907071508),('YES','AWD-35','1',1907075504),('YES','AWD-35','1',1907365503),('YES','AWD-35','2',1907365503),('YES','AWD-20','1',1907071486),('YES','AWD-20','2',1907071486),('YES','AWS-25','1',1907075506),('YES','AWD-35','1',1907075509),('YES','AWD-35','1',1907075507),('YES','AWD-35','1',1907295515),('YES','AWD-35+','1',1907295516),('YES','AWS-30','1',1907071512),('YES','AWD-35','1',1907071505),('NO','AWD 15','1',1809071121),('NO','25','1a',1902295281),('YES','AWD-15','1',1907071520),('NO','25','1b',1902295281),('YES','AWS-20','1',1907071517),('YES','AWS-30','1',5000),('YES','AWS-30','2',5000),('YES','AWS-30','3',5000),('YES','AWS-30','4',5000),('YES','AWS-30','5',5000),('YES','AWS-30','1',6000),('YES','AWS-30','2',6000),('YES','AWD-35','1',1907075511),('YES','AWD-25','1',1907061514),('YES','AWD-35','1',1907295499);
/*!40000 ALTER TABLE `catstart` ENABLE KEYS */;
UNLOCK TABLES;

--
-- Table structure for table `ipt_attachment`
--

DROP TABLE IF EXISTS `ipt_attachment`;
/*!40101 SET @saved_cs_client     = @@character_set_client */;
 SET character_set_client = utf8mb4 ;
CREATE TABLE `ipt_attachment` (
  `tooth1` double DEFAULT NULL,
  `tooth2` double DEFAULT NULL,
  `thickness` double DEFAULT NULL,
  `before_aligner` int(4) DEFAULT NULL,
  `plan_no` varchar(10) DEFAULT NULL,
  `Case_Id` int(25) DEFAULT NULL,
  KEY `Case_Id` (`Case_Id`,`plan_no`),
  CONSTRAINT `ipt_attachment_ibfk_1` FOREIGN KEY (`Case_Id`, `plan_no`) REFERENCES `plan_details` (`Case_Id`, `plan_no`)
) ENGINE=InnoDB DEFAULT CHARSET=latin1;
/*!40101 SET character_set_client = @saved_cs_client */;

--
-- Dumping data for table `ipt_attachment`
--

LOCK TABLES `ipt_attachment` WRITE;
/*!40000 ALTER TABLE `ipt_attachment` DISABLE KEYS */;
INSERT INTO `ipt_attachment` VALUES (2.4,2.5,0.7,7,'1a',2000),(1.4,1.3,0.8,5,'1b',2000),(1.1,2.1,0.9,5,'1b',2000),(1.5,1.4,0.6,1,'1',1907071479),(1.4,1.3,0.6,1,'1',1907071479),(1.2,1.1,0.4,1,'1',1907071479),(2.3,2.4,0.6,1,'1',1907071479),(2.4,2.5,0.6,1,'1',1907071479),(3.5,3.6,0.6,1,'1',1907071479),(3.4,3.5,0.6,1,'1',1907071479),(4.5,4.4,0.6,1,'1',1907071479),(4.6,4.5,0.6,1,'1',1907071479),(1.6,1.5,0.6,1,'1',1907335482),(1.5,1.4,0.6,1,'1',1907335482),(2.3,2.4,0.6,1,'1',1907335482),(2.4,2.5,0.6,1,'1',1907335482),(2.5,2.6,0.6,1,'1',1907335482),(3.5,3.6,0.6,1,'1',1907335482),(3.4,3.5,0.6,1,'1',1907335482),(3.3,3.4,0.6,1,'1',1907335482),(3.2,3.3,0.4,1,'1',1907335482),(4.3,4.2,0.4,1,'1',1907335482),(4.4,4.3,0.6,1,'1',1907335482),(4.5,4.4,0.6,1,'1',1907335482),(4.6,4.5,0.6,1,'1',1907335482),(3.3,3.4,0.4,14,'1',1812065201),(3.2,3.3,0.4,14,'1',1812065201),(4.3,4.2,0.4,14,'1',1812065201),(4.4,4.3,0.4,14,'1',1812065201),(1.4,1.3,0.4,21,'2',1806091052),(1.3,1.2,0.4,21,'2',1806091052),(2.2,2.3,0.4,21,'2',1806091052),(2.3,2.4,0.4,21,'2',1806091052),(3.1,3.2,0.5,21,'2',1806091052),(4.2,4.1,0.5,21,'2',1806091052),(2.5,2.6,0.6,1,'4a',1806091052),(1.4,1.3,0.4,21,'5a',1806091052),(1.3,1.2,0.4,21,'5a',1806091052),(2.2,2.3,0.4,21,'5a',1806091052),(2.3,2.4,0.4,21,'5a',1806091052),(3.1,3.2,0.5,21,'5a',1806091052),(4.2,4.1,0.5,21,'5a',1806091052),(3.5,3.6,0.6,1,'1',1907065490),(3.4,3.5,0.6,1,'1',1907065490),(3.3,3.4,0.6,1,'1',1907065490),(4.4,4.3,0.6,1,'1',1907065490),(4.5,4.4,0.6,1,'1',1907065490),(4.6,4.5,0.6,1,'1',1907065490),(1.1,2.1,0.6,1,'1',1907071485),(3.1,3.2,0.4,1,'1',1907071485),(4.1,3.1,0.6,1,'1',1907071485),(4.2,4.1,0.4,1,'1',1907071485),(3.1,3.2,0.4,25,'1',1907365478),(4.1,3.1,0.4,25,'1',1907365478),(4.2,4.1,0.4,25,'1',1907365478),(3.3,3.4,0.6,1,'1',1907065494),(4.4,4.3,0.6,1,'1',1907065494),(1.4,1.3,0.6,1,'1',1907065492),(2.3,2.4,0.6,1,'1',1907065492),(2.4,2.5,0.6,1,'1',1907065492),(2.5,2.6,0.6,1,'1',1907065492),(3.5,3.6,0.6,1,'1',1907065492),(3.4,3.5,0.6,1,'1',1907065492),(4.5,4.4,0.6,1,'1',1907065492),(4.6,4.5,0.6,1,'1',1907065492),(1.5,1.4,0.6,1,'1',1907065491),(1.4,1.3,0.6,1,'1',1907065491),(2.3,2.4,0.6,1,'1',1907065491),(2.4,2.5,0.6,1,'1',1907065491),(3.4,3.5,0.6,1,'1',1907065491),(3.3,3.4,0.6,1,'1',1907065491),(4.4,4.3,0.6,1,'1',1907065491),(4.5,4.4,0.6,1,'1',1907065491),(4.6,4.5,0.6,1,'1',1907065491),(3.3,3.4,0.4,13,'',1812065201),(3.2,3.3,0.4,13,'',1812065201),(4.3,4.2,0.4,13,'',1812065201),(4.4,4.3,0.4,13,'',1812065201),(3.5,3.6,0.6,1,'1',1907191483),(3.4,3.5,0.6,1,'1',1907191483),(3.3,3.4,0.6,1,'1',1907191483),(4.6,4.5,0.6,1,'1',1907191483),(1.3,1.2,0.4,24,'1',1802071932),(1.2,1.1,0.4,24,'1',1802071932),(1.1,2.1,0.4,24,'1',1802071932),(3.2,3.3,0.4,1,'1',1907067498),(4.1,3.1,0.4,1,'1',1907067498),(4.3,4.2,0.4,1,'1',1907067498),(1.4,1.3,0.6,22,'1',1907075496),(1.3,1.2,0.4,22,'1',1907075496),(1.2,1.1,0.4,22,'1',1907075496),(1.1,2.1,0.4,22,'1',1907075496),(2.1,2.2,0.4,22,'1',1907075496),(2.2,2.3,0.4,22,'1',1907075496),(2.3,2.4,0.6,22,'1',1907075496),(1.6,1.5,0.6,1,'1',1907097500),(1.5,1.4,0.6,1,'1',1907097500),(1.4,1.3,0.6,1,'1',1907097500),(1.1,2.1,0.4,1,'1',1907097500),(2.2,2.3,0.4,1,'1',1907097500),(2.3,2.4,0.6,1,'1',1907097500),(2.4,2.5,0.6,1,'1',1907097500),(3.5,3.6,0.6,1,'1',1907097500),(3.4,3.5,0.6,1,'1',1907097500),(3.3,3.4,0.6,1,'1',1907097500),(3.2,3.3,0.4,1,'1',1907097500),(4.3,4.2,0.4,1,'1',1907097500),(4.4,4.3,0.6,1,'1',1907097500),(4.5,4.4,0.6,1,'1',1907097500),(4.6,4.5,0.6,1,'1',1907097500),(1.3,1.2,0.2,1,'1',1907061497),(1.2,1.1,0.2,1,'1',1907061497),(1.1,2.1,0.2,1,'1',1907061497),(2.1,2.2,0.2,1,'1',1907061497),(2.2,2.3,0.2,1,'1',1907061497),(1.5,1.4,0.6,1,'1',1902071276),(2.4,2.5,0.6,1,'1',1902071276),(3.4,3.5,0.6,1,'1',1902071276),(3.3,3.4,0.6,1,'1',1902071276),(4.5,4.4,0.6,1,'1',1902071276),(1.4,1.3,0.6,1,'1',1906191450),(1.3,1.2,0.6,1,'1',1906191450),(1.1,2.1,0.4,1,'1',1906191450),(2.2,2.3,0.4,1,'1',1906191450),(2.3,2.4,0.6,1,'1',1906191450),(3.3,3.4,0.6,1,'1',1906191450),(3.1,3.2,0.4,1,'1',1906191450),(4.1,3.1,0.4,1,'1',1906191450),(4.2,4.1,0.4,1,'1',1906191450),(4.4,4.3,0.6,1,'1',1906191450),(1.5,1.4,0.6,1,'1',1907065502),(1.4,1.3,0.6,1,'1',1907065502),(1.3,1.2,0.4,1,'1',1907065502),(2.2,2.3,0.4,1,'1',1907065502),(2.3,2.4,0.6,1,'1',1907065502),(2.4,2.5,0.6,1,'1',1907065502),(3.4,3.5,0.6,1,'1',1907065502),(3.3,3.4,0.6,1,'1',1907065502),(3.2,3.3,0.4,1,'1',1907065502),(3.1,3.2,0.4,1,'1',1907065502),(4.1,3.1,0.4,1,'1',1907065502),(4.4,4.3,0.6,1,'1',1907065502),(4.5,4.4,0.6,1,'1',1907065502),(1.4,1.3,0.6,1,'2',1906191450),(1.3,1.2,0.4,1,'2',1906191450),(1.1,2.1,0.4,1,'2',1906191450),(2.2,2.3,0.4,1,'2',1906191450),(2.3,2.4,0.6,1,'2',1906191450),(3.3,3.4,0.6,1,'2',1906191450),(3.1,3.2,0.4,1,'2',1906191450),(4.1,3.1,0.4,1,'2',1906191450),(4.2,4.1,0.4,1,'2',1906191450),(4.4,4.3,0.6,1,'2',1906191450),(1.2,1.1,0.4,1,'2',1907065502),(1.1,2.1,0.4,1,'2',1907065502),(2.1,2.2,0.4,1,'2',1907065502),(4.1,3.1,0.4,1,'2',1907065502),(4.4,4.3,0.6,1,'2',1907065502),(1.3,1.2,0.2,1,'2',1907061497),(1.2,1.1,0.2,1,'2',1907061497),(1.1,2.1,0.2,1,'2',1907061497),(2.1,2.2,0.2,1,'2',1907061497),(2.2,2.3,0.2,1,'2',1907061497),(1.2,1.1,0.4,1,'3',1907065502),(1.1,2.1,0.4,1,'3',1907065502),(2.1,2.2,0.4,1,'3',1907065502),(4.1,3.1,0.4,1,'3',1907065502),(4.4,4.3,0.6,1,'3',1907065502),(1.6,1.5,0.6,1,'1',1907071508),(1.5,1.4,0.6,1,'1',1907071508),(2.3,2.4,0.6,1,'1',1907071508),(2.4,2.5,0.6,1,'1',1907071508),(2.5,2.6,0.6,1,'1',1907071508),(3.5,3.6,0.6,1,'1',1907071508),(3.4,3.5,0.6,1,'1',1907071508),(3.3,3.4,0.6,1,'1',1907071508),(4.4,4.3,0.6,1,'1',1907071508),(4.5,4.4,0.6,1,'1',1907071508),(4.6,4.5,0.6,1,'1',1907071508),(1.4,1.3,0.4,1,'1',1907075504),(1.3,1.2,0.4,1,'1',1907075504),(2.2,2.3,0.4,1,'1',1907075504),(2.3,2.4,0.4,1,'1',1907075504),(1.6,1.5,0.6,1,'1',1907365503),(1.5,1.4,0.6,1,'1',1907365503),(1.4,1.3,0.6,1,'1',1907365503),(2.3,2.4,0.6,1,'1',1907365503),(2.4,2.5,0.6,1,'1',1907365503),(2.5,2.6,0.6,1,'1',1907365503),(3.5,3.6,0.6,1,'1',1907365503),(3.4,3.5,0.6,1,'1',1907365503),(3.3,3.4,0.6,1,'1',1907365503),(3.2,3.3,0.4,1,'1',1907365503),(4.1,3.1,0.4,1,'1',1907365503),(4.3,4.2,0.4,1,'1',1907365503),(4.4,4.3,0.6,1,'1',1907365503),(4.5,4.4,0.6,1,'1',1907365503),(4.6,4.5,0.6,1,'1',1907365503),(1.6,1.5,0.6,1,'2',1907365503),(1.5,1.4,0.6,1,'2',1907365503),(1.4,1.3,0.6,1,'2',1907365503),(2.3,2.4,0.6,1,'2',1907365503),(2.4,2.5,0.6,1,'2',1907365503),(2.5,2.6,0.6,1,'2',1907365503),(3.5,3.6,0.6,1,'2',1907365503),(3.4,3.5,0.6,1,'2',1907365503),(3.3,3.4,0.6,1,'2',1907365503),(3.2,3.3,0.4,1,'2',1907365503),(4.1,3.1,0.4,1,'2',1907365503),(4.3,4.2,0.4,1,'2',1907365503),(4.4,4.3,0.6,1,'2',1907365503),(4.5,4.4,0.6,1,'2',1907365503),(4.6,4.5,0.6,1,'2',1907365503),(3.5,3.6,0.6,1,'1',1907075506),(3.4,3.5,0.6,1,'1',1907075506),(3.3,3.4,0.6,1,'1',1907075506),(4.3,4.2,0.6,1,'1',1907075506),(4.5,4.4,0.6,1,'1',1907075506),(4.6,4.5,0.6,1,'1',1907075506),(3.4,3.5,0.6,1,'1',1907075509),(4.4,4.3,0.6,1,'1',1907075509),(3.2,3.3,0.4,1,'1',1907075507),(3.1,3.2,0.4,1,'1',1907075507),(4.1,3.1,0.4,1,'1',1907075507),(4.2,4.1,0.4,1,'1',1907075507),(1.6,1.5,0.6,1,'1',1907295515),(1.5,1.4,0.6,1,'1',1907295515),(2.4,2.5,0.6,1,'1',1907295515),(2.5,2.6,0.6,1,'1',1907295515),(3.5,3.6,0.6,1,'1',1907295515),(3.4,3.5,0.6,1,'1',1907295515),(3.3,3.4,0.6,1,'1',1907295515),(3.2,3.3,0.4,1,'1',1907295515),(4.3,4.2,0.4,1,'1',1907295515),(4.4,4.3,0.6,1,'1',1907295515),(4.5,4.4,0.6,1,'1',1907295515),(4.6,4.5,0.6,1,'1',1907295515),(1.2,1.1,0.4,1,'1',1907295516),(1.1,2.1,0.4,1,'1',1907295516),(2.1,2.2,0.4,1,'1',1907295516),(1.1,2.1,0.4,1,'1',1907071512),(2.4,2.5,0.6,1,'1',1907071505),(2.5,2.6,0.6,1,'1',1907071505),(3.5,3.6,0.6,1,'1',1907071505),(3.4,3.5,0.6,1,'1',1907071505),(3.3,3.4,0.6,1,'1',1907071505),(4.1,3.1,0.4,1,'1',1907071505),(4.3,4.2,0.4,1,'1',1907071505),(4.6,4.5,0.6,1,'1',1907071505),(1.3,1.2,0.2,1,'1',1907071520),(1.2,1.1,0.2,1,'1',1907071520),(1.1,2.1,0.2,1,'1',1907071520),(2.1,2.2,0.2,1,'1',1907071520),(2.2,2.3,0.2,1,'1',1907071520),(3.3,3.4,0.2,1,'1',1907071520),(3.2,3.3,0.4,1,'1',1907071520),(3.1,3.2,0.4,1,'1',1907071520),(4.2,4.1,0.4,1,'1',1907071520),(4.3,4.2,0.4,1,'1',1907071520),(4.4,4.3,0.6,1,'1',1907071520),(1.4,1.3,0.6,1,'1',1907071517),(1.1,2.1,0.4,1,'1',1907071517),(2.3,2.4,0.6,1,'1',1907071517),(1.8,1.7,0.7,1,'1',5000),(2.7,2.8,0.9,2,'1',5000),(3.7,3.8,0.7,5,'1',5000),(4.8,4.7,0.1,3,'1',5000),(1.8,1.7,0.7,1,'2',5000),(2.7,2.8,0.9,2,'2',5000),(4.8,4.7,0.1,3,'2',5000),(1.8,1.7,0.7,1,'3',5000),(2.7,2.8,0.9,2,'3',5000),(1.8,1.7,0.7,1,'4',5000),(2.7,2.8,0.9,2,'4',5000),(1.8,1.7,0.7,1,'5',5000),(1.8,1.7,0.7,1,'1',6000),(2.7,2.8,0.9,2,'1',6000),(3.7,3.8,0.7,5,'1',6000),(4.8,4.7,0.9,1,'1',6000),(1.8,1.7,0.7,1,'2',6000),(3.7,3.8,0.7,5,'2',6000),(4.8,4.7,0.9,1,'2',6000),(3.2,3.3,0.3,1,'1',1907075511),(3.1,3.2,0.5,1,'1',1907075511),(4.1,3.1,0.5,1,'1',1907075511),(4.2,4.1,0.5,1,'1',1907075511),(4.3,4.2,0.5,1,'1',1907075511),(1.2,1.1,0.2,1,'1',1907061514),(1.1,2.1,0.2,1,'1',1907061514),(2.1,2.2,0.2,1,'1',1907061514),(3.2,3.3,0.2,1,'1',1907061514),(3.1,3.2,0.2,1,'1',1907061514),(4.1,3.1,0.2,1,'1',1907061514),(4.2,4.1,0.2,1,'1',1907061514),(4.3,4.2,0.2,1,'1',1907061514),(1.3,1.2,0.4,1,'1',1907295499),(1.2,1.1,0.2,1,'1',1907295499),(1.1,2.1,0.8,1,'1',1907295499),(2.1,2.2,0.2,1,'1',1907295499),(2.2,2.3,0.4,1,'1',1907295499),(3.3,3.4,0.6,1,'1',1907295499),(3.2,3.3,0.3,1,'1',1907295499),(3.1,3.2,0.2,1,'1',1907295499),(4.1,3.1,0.3,1,'1',1907295499),(4.2,4.1,0.3,1,'1',1907295499),(4.4,4.3,0.6,1,'1',1907295499);
/*!40000 ALTER TABLE `ipt_attachment` ENABLE KEYS */;
UNLOCK TABLES;

--
-- Table structure for table `patient_details`
--

DROP TABLE IF EXISTS `patient_details`;
/*!40101 SET @saved_cs_client     = @@character_set_client */;
 SET character_set_client = utf8mb4 ;
CREATE TABLE `patient_details` (
  `Case_Id` int(25) NOT NULL DEFAULT '0',
  `Patient_Name` varchar(35) DEFAULT NULL,
  `Doctor_Name` varchar(35) DEFAULT NULL,
  PRIMARY KEY (`Case_Id`)
) ENGINE=InnoDB DEFAULT CHARSET=latin1;
/*!40101 SET character_set_client = @saved_cs_client */;

--
-- Dumping data for table `patient_details`
--

LOCK TABLES `patient_details` WRITE;
/*!40000 ALTER TABLE `patient_details` DISABLE KEYS */;
INSERT INTO `patient_details` VALUES (2000,'Nitish','Choudhary'),(5000,'dfghvghjf','Choudhary'),(6000,'Nitish','Choudhary'),(1802071932,'Nikita','Dr. Varun Grover'),(1806091052,'Aakanksha','Dr.Devanjali Soin'),(1809071121,'stutee','Dr Varun Grover'),(1811071182,'ISHA VASHISHTA','DR. ANASWAR BHALLA'),(1812065201,'SHIVANI SHARMA','DR. ASHIMA CHUGH'),(1902071276,'BHARATI JOSHI','DR. RUPESH GUPTA'),(1902295281,'Shruti Shirali','Dr.Sindhuja'),(1906191450,'DEVESHI AGARWAL','DR. PRAVEEN '),(1907061497,'ASHISH KHATRI','DR. MAYANK NAGPAL'),(1907061514,'VANIKA','DR. AMAN AHLAWAT'),(1907065490,'MANIKA BISWAS','DR. ASHIMA CHUGH'),(1907065491,'SHUBHAM AGARWAL',''),(1907065492,'TANYA SACHDEVA','DR. ASHIMA CHUGH'),(1907065494,'ARYAN GANDHI','DR. ASHIMA CHUGH'),(1907065495,'POOJA BURMAN','DR. ASHIMA CHUGH'),(1907065502,'RAHUL','DR. RABAB KHURSHEED'),(1907067498,'V. KOTHARI','DR. PULKIT LAKHANI'),(1907071479,'MIHIR TANDON','DR. GAYATRI GANESH'),(1907071485,'ARCHANA GUPTA','DR. SIDDHARTH JAIN'),(1907071486,'UTKARSHA AHUJA','DR. GAUTAM SETHI'),(1907071505,'ANURAG DAS','DR. YUDHISTER YADAV'),(1907071508,'TULIN DAHIYA','DR. VINEET SHARAM'),(1907071512,'GAURAV GUPTA','DR. SIMRAN GUPTA'),(1907071517,'ISHMEET SINGH','DR. AJAY RAJ BHAGAT'),(1907071520,'YASH MEHTA','DR. AJAY RAJ BHAGAT'),(1907075496,'NIHARIKA KAUSHIK','DR. ARPITA SAHU'),(1907075504,'PRINCE BANGA','DR. ARPITA SAHU'),(1907075506,'MANRAJ SINGH','DR. YASH BAHADUR'),(1907075507,'RITU','DR. SALONI MALIK'),(1907075509,'MUKUL','DR. ANKITA GUPTA'),(1907075511,'PARUL VERMA','DR. ANKITA GUPTA'),(1907091484,'VISHAL BINDAL','DR. NIDHI GUPTA'),(1907097500,'RASHMI SINGH','DR. KHUSBOO YADAV'),(1907191483,'TAZEIN HUSSAIN','DR. TAZEIN HUSSAIN'),(1907295499,'USHA BABU','DR. RUCHIRA SHREEVATS'),(1907295515,'TANISHKA','DR. MARIGANK PRABHAT'),(1907295516,'GURU HEGDE','DR. MARIGANK PRABHAT'),(1907335482,'SHYAM','DR. SAVAN UNNI'),(1907365476,'RAJESH NATTE','DR. G. SURENDRAN'),(1907365478,'BHANU PRATAP SANGARS','DR. G. SURENDRA'),(1907365503,'RAHUL KUMAR','DR. INDRANEEL');
/*!40000 ALTER TABLE `patient_details` ENABLE KEYS */;
UNLOCK TABLES;

--
-- Table structure for table `plan_details`
--

DROP TABLE IF EXISTS `plan_details`;
/*!40101 SET @saved_cs_client     = @@character_set_client */;
 SET character_set_client = utf8mb4 ;
CREATE TABLE `plan_details` (
  `plan_no` varchar(10) NOT NULL DEFAULT '',
  `plan_date` date DEFAULT NULL,
  `plan_time` time DEFAULT NULL,
  `Case_Id` int(25) NOT NULL DEFAULT '0',
  PRIMARY KEY (`Case_Id`,`plan_no`),
  CONSTRAINT `plan_details_ibfk_1` FOREIGN KEY (`Case_Id`) REFERENCES `patient_details` (`Case_Id`)
) ENGINE=InnoDB DEFAULT CHARSET=latin1;
/*!40101 SET character_set_client = @saved_cs_client */;

--
-- Dumping data for table `plan_details`
--

LOCK TABLES `plan_details` WRITE;
/*!40000 ALTER TABLE `plan_details` DISABLE KEYS */;
INSERT INTO `plan_details` VALUES ('1a','2019-07-20','12:13:45',2000),('1b','2019-07-20','12:15:17',2000),('1','2019-08-05','13:02:50',5000),('2','2019-08-05','13:06:12',5000),('3','2019-08-05','13:07:16',5000),('4','2019-08-05','13:07:53',5000),('5','2019-08-05','13:08:28',5000),('1','2019-08-05','13:14:21',6000),('2','2019-08-05','13:15:16',6000),('1','2019-07-24','15:49:30',1802071932),('2','2019-07-22','17:35:00',1806091052),('4a','2019-07-22','17:40:14',1806091052),('5a','2019-07-22','17:44:46',1806091052),('1','2019-08-02','14:01:47',1809071121),('1','2019-07-20','13:10:53',1811071182),('','2019-07-24','15:21:40',1812065201),('1','2019-07-20','17:37:24',1812065201),('1','2019-07-26','11:33:46',1902071276),('1a','2019-08-05','11:36:05',1902295281),('1b','2019-08-05','11:39:50',1902295281),('1','2019-07-27','11:45:25',1906191450),('2','2019-07-27','16:46:58',1906191450),('1','2019-07-26','10:08:32',1907061497),('2','2019-07-29','15:09:34',1907061497),('1','2019-08-05','14:25:54',1907061514),('1','2019-07-23','10:56:43',1907065490),('1','2019-07-24','10:58:47',1907065491),('1','2019-07-24','10:51:16',1907065492),('1','2019-07-24','10:42:41',1907065494),('1','2019-07-24','13:19:46',1907065495),('1','2019-07-27','11:54:19',1907065502),('2','2019-07-29','15:05:56',1907065502),('3','2019-07-29','16:13:11',1907065502),('1','2019-07-25','15:28:03',1907067498),('1','2019-07-20','15:12:54',1907071479),('1','2019-07-23','11:07:48',1907071485),('1','2019-07-30','15:24:42',1907071486),('2','2019-07-30','15:26:51',1907071486),('1','2019-08-01','11:56:37',1907071505),('1','2019-07-30','10:37:20',1907071508),('1','2019-08-01','11:23:43',1907071512),('1','2019-08-05','12:29:12',1907071517),('1','2019-08-05','11:36:07',1907071520),('1','2019-07-26','09:55:46',1907075496),('1','2019-07-30','10:41:32',1907075504),('1','2019-07-31','10:35:11',1907075506),('1','2019-07-31','13:07:05',1907075507),('1','2019-07-31','10:37:29',1907075509),('1','2019-08-05','13:20:12',1907075511),('2','2019-07-24','12:11:22',1907091484),('1','2019-07-26','10:03:31',1907097500),('1','2019-07-24','15:48:02',1907191483),('1','2019-08-05','15:39:46',1907295499),('1','2019-07-31','13:29:41',1907295515),('1','2019-07-31','15:05:05',1907295516),('1','2019-07-20','16:26:42',1907335482),('1','2019-07-23','10:52:22',1907365476),('1','2019-07-23','11:15:29',1907365478),('1','2019-07-30','12:07:13',1907365503),('2','2019-07-30','13:45:06',1907365503);
/*!40000 ALTER TABLE `plan_details` ENABLE KEYS */;
UNLOCK TABLES;

--
-- Table structure for table `remarks`
--

DROP TABLE IF EXISTS `remarks`;
/*!40101 SET @saved_cs_client     = @@character_set_client */;
 SET character_set_client = utf8mb4 ;
CREATE TABLE `remarks` (
  `remarks` varchar(4000) DEFAULT NULL,
  `plan_no` varchar(10) DEFAULT NULL,
  `Case_Id` int(25) DEFAULT NULL,
  KEY `Case_Id` (`Case_Id`,`plan_no`),
  CONSTRAINT `remarks_ibfk_1` FOREIGN KEY (`Case_Id`, `plan_no`) REFERENCES `plan_details` (`Case_Id`, `plan_no`)
) ENGINE=InnoDB DEFAULT CHARSET=latin1;
/*!40101 SET character_set_client = @saved_cs_client */;

--
-- Dumping data for table `remarks`
--

LOCK TABLES `remarks` WRITE;
/*!40000 ALTER TABLE `remarks` DISABLE KEYS */;
INSERT INTO `remarks` VALUES ('kjfghhdfsulkhdfsgois','1a',2000),('fghfghjdtyhgjukghkhjkfhjyhdfyrtyujtkuyikyg','1b',2000),('Attachments will be transferred before 13th Aligner. ','1',1811071182),('NONE','1',1907071479),('NONE','1',1907335482),('Attachments will be added before 14th Aligner','1',1812065201),('None','2',1806091052),('gfdf','4a',1806091052),('NONE','5a',1806091052),('NONE','1',1907365476),('NONE','1',1907065490),('NONE','1',1907071485),('NONE','1',1907365478),('NONE','1',1907065494),('NONE','1',1907065492),('NONE','1',1907065491),('NONE','2',1907091484),('NONE','1',1907065495),('NONE','',1812065201),('NONE','1',1907191483),('NONE','1',1802071932),('NONE','1',1907067498),('NONE','1',1907075496),('NONE','1',1907097500),('NONE','1',1907061497),('NONE','1',1902071276),('NONE','1',1906191450),('NONE','1',1907065502),('NONE','2',1906191450),('NONE','2',1907065502),('NONE','2',1907061497),('NONE','3',1907065502),('Bite Ramps to be added in stage-2 at 9th Aligner.','1',1907071508),('BITE RAMPS WILL BE ADDED IN LATER STAGE','1',1907075504),('NONE','1',1907365503),('Bite Ramps to be added in latest stage of treatment','2',1907365503),('NONE','1',1907071486),('NONE','2',1907071486),('NONE','1',1907075506),('NONE','1',1907075509),('NONE','1',1907075507),('NONE','1',1907295515),('NONE','1',1907295516),('NONE','1',1907071512),('NONE','1',1907071505),('NONE','1',1809071121),('none','1a',1902295281),('Kindly use only hand strip for above said 0.2mm IPR','1',1907071520),('@9 Aligner','1b',1902295281),('Only Upper','1',1907071517),('trhfdyhjtyj','1',5000),('trhfdyhjtyj','2',5000),('trhfdyhjtyj','3',5000),('trhfdyhjtyj','4',5000),('trhfdyhjtyj','5',5000),('tyuitryiruyikruy','1',6000),('tyuitryiruyikruy','2',6000),('NONE','1',1907075511),('Kindly use only hand strips for above said 0.2mm IPR and Bite ramps will be added @ 8th Aligner.','1',1907061514),('Kindly use only hand strips to perform the above said 0.2 and 0.3 mm IPRs.','1',1907295499);
/*!40000 ALTER TABLE `remarks` ENABLE KEYS */;
UNLOCK TABLES;

--
-- Table structure for table `signat`
--

DROP TABLE IF EXISTS `signat`;
/*!40101 SET @saved_cs_client     = @@character_set_client */;
 SET character_set_client = utf8mb4 ;
CREATE TABLE `signat` (
  `consultant_orthodontist` varchar(35) DEFAULT NULL,
  `approved_by` varchar(40) DEFAULT NULL,
  `plan_no` varchar(10) DEFAULT NULL,
  `Case_Id` int(25) DEFAULT NULL,
  KEY `Case_Id` (`Case_Id`,`plan_no`),
  CONSTRAINT `signat_ibfk_1` FOREIGN KEY (`Case_Id`, `plan_no`) REFERENCES `plan_details` (`Case_Id`, `plan_no`)
) ENGINE=InnoDB DEFAULT CHARSET=latin1;
/*!40101 SET character_set_client = @saved_cs_client */;

--
-- Dumping data for table `signat`
--

LOCK TABLES `signat` WRITE;
/*!40000 ALTER TABLE `signat` DISABLE KEYS */;
INSERT INTO `signat` VALUES ('Rajesh','Mohit','1a',2000),('Rajesh','varun','1b',2000),('Dr. Akshita Sharma','Dr. Varun Grover','1',1811071182),('Dr. Prabhat Vaishnav','Dr. Varun Grover','1',1907071479),('Dr. Prabhat Vaishnav','Dr. Varun Grover','1',1907335482),('Dr. Prabhat Vaishnav','Dr. Varun grover','1',1812065201),('Dr. Ajay Chacko','Dr. Varun Grover','2',1806091052),('Dr. Akshita Sharma','Dr. Varun grover','4a',1806091052),('Dr. Ajay Chacko','Dr. Varun Grover','5a',1806091052),('Dr. Ajay Chacko','Dr. Varun Grover','1',1907365476),('Dr. Akshita Sharma','Dr. Varun Grover','1',1907065490),('Dr. Ajay Chacko','Dr. Varun Grover','1',1907071485),('Dr. Akshita Sharma','Dr. Varun Grover','1',1907365478),('Dr. Ajay Chacko','Dr. Varun Grover','1',1907065494),('Dr. Prabhat Vaishnav','Dr. Varun Grover','1',1907065492),('Dr. Ajay Chacko','Dr. Varun Grover','1',1907065491),('Dr. Ajay Chacko','Dr. Varun Grover','2',1907091484),('Dr. Ajay Chacko','Dr. Varun Grover','1',1907065495),('Dr. Prabhat Vaishnav','Dr. Varun Grover','',1812065201),('Dr. Ajay Chacko','Dr. Varun Grover','1',1907191483),('Dr. Prabhat Vaishnav','Dr. Varun Grover','1',1802071932),('Dr. Ajay Chacko','Dr. Varun Grover','1',1907067498),('Dr. Prabhat Vaishnav','Dr. Varun Grover','1',1907075496),('Dr. Ajay Chacko','Dr. Varun Grover','1',1907097500),('Dr. Prabhat Vaishnav','Dr. Varun Grover','1',1907061497),('Dr. Ajay Chacko','Dr. Varun Grover','1',1902071276),('Dr. Prabhat Vaishnav','Dr. Varun Grover','1',1906191450),('Dr. Ajay Chacko','Dr. Varun Grover','1',1907065502),('Dr. Prabhat Vaishnav','Dr. Varun Grover','2',1906191450),('Dr. Ajay Chacko','Dr. Varun Grover','2',1907065502),('Dr. Prabhat Vaishnav','Dr. Varun Grover','2',1907061497),('Dr. Ajay Chacko','Dr. Varun Grover','3',1907065502),('Dr. Prabhat Vaishnav','Dr. Varun Grover','1',1907071508),('Dr. Prabhat Vaishnav','Dr. Varun Grover','1',1907075504),('Dr. Akshita Sharma','Dr. Varun Grover','1',1907365503),('Dr. Akshita Sharma','Dr. Varun Grover','2',1907365503),('Dr. Akshita Sharma','Dr. Varun Grover','1',1907071486),('Dr. Akshita Sharma','Dr. Varun Grover','2',1907071486),('Dr. Prabhat Vaishnav','Dr. Varun Grover','1',1907075506),('Dr. Akshita Sharma','Dr. Varun Grover','1',1907075509),('Dr. Ajay Chacko','Dr. Varun Grover','1',1907075507),('Dr. Ajay Chacko','Dr. Varun Grover','1',1907295515),('Dr. Ajay Chacko','Dr. Varun Grover','1',1907295516),('Dr. Ajay Chacko','Dr. Varun Grover','1',1907071512),('Dr. Prabhat Vaishnav','Dr. Varun Grover','1',1907071505),('AKSHITA','AJAY CHACKO','1',1809071121),('Dr. Ajay','Dr. Varun Grover','1a',1902295281),('Dr. Ajay Chacko','Dr. Varun Grover','1',1907071520),('Dr. Ajay','Dr. Varun Grover','1b',1902295281),('Dr. Ajay Chacko','Dr. Varun Grover','1',1907071517),('Rajesh','Mohit','1',5000),('Rajesh','Mohit','2',5000),('Rajesh','Mohit','3',5000),('Rajesh','Mohit','4',5000),('Rajesh','Mohit','5',5000),('Rajesh','Mohit','1',6000),('Rajesh','Mohit','2',6000),('Dr. Akshita Sharma','Dr. Varun Grover','1',1907075511),('Dr. Ajay Chacko','Dr. Varun Grover','1',1907061514),('Dr. Ajay Chacko','Dr. Varun Grover','1',1907295499);
/*!40000 ALTER TABLE `signat` ENABLE KEYS */;
UNLOCK TABLES;

--
-- Table structure for table `teeth_attachment`
--

DROP TABLE IF EXISTS `teeth_attachment`;
/*!40101 SET @saved_cs_client     = @@character_set_client */;
 SET character_set_client = utf8mb4 ;
CREATE TABLE `teeth_attachment` (
  `teeth_no` double DEFAULT NULL,
  `teeth_attachment_type` varchar(30) DEFAULT NULL,
  `plan_no` varchar(10) DEFAULT NULL,
  `Case_Id` int(25) DEFAULT NULL,
  KEY `Case_Id` (`Case_Id`,`plan_no`),
  CONSTRAINT `teeth_attachment_ibfk_1` FOREIGN KEY (`Case_Id`, `plan_no`) REFERENCES `plan_details` (`Case_Id`, `plan_no`)
) ENGINE=InnoDB DEFAULT CHARSET=latin1;
/*!40101 SET character_set_client = @saved_cs_client */;

--
-- Dumping data for table `teeth_attachment`
--

LOCK TABLES `teeth_attachment` WRITE;
/*!40000 ALTER TABLE `teeth_attachment` DISABLE KEYS */;
INSERT INTO `teeth_attachment` VALUES (1.8,'No Attachment','1a',2000),(1.7,'No Attachment','1a',2000),(1.6,'No Attachment','1a',2000),(1.5,'No Attachment','1a',2000),(1.4,'No Attachment','1a',2000),(1.3,'No Attachment','1a',2000),(1.2,'No Attachment','1a',2000),(1.1,'No Attachment','1a',2000),(2.1,'No Attachment','1a',2000),(2.2,'No Attachment','1a',2000),(2.3,'No Attachment','1a',2000),(2.4,'No Attachment','1a',2000),(2.5,'No Attachment','1a',2000),(2.6,'No Attachment','1a',2000),(2.7,'No Attachment','1a',2000),(2.8,'No Attachment','1a',2000),(3.8,'No Attachment','1a',2000),(3.7,'No Attachment','1a',2000),(3.6,'Missing Tooth','1a',2000),(3.5,'No Attachment','1a',2000),(3.4,'No Attachment','1a',2000),(3.3,'No Attachment','1a',2000),(3.2,'No Attachment','1a',2000),(3.1,'No Attachment','1a',2000),(4.1,'No Attachment','1a',2000),(4.2,'No Attachment','1a',2000),(4.3,'No Attachment','1a',2000),(4.4,'No Attachment','1a',2000),(4.5,'No Attachment','1a',2000),(4.6,'No Attachment','1a',2000),(4.7,'No Attachment','1a',2000),(4.8,'No Attachment','1a',2000),(1.8,'No Attachment','1b',2000),(1.7,'No Attachment','1b',2000),(1.6,'No Attachment','1b',2000),(1.5,'No Attachment','1b',2000),(1.4,'No Attachment','1b',2000),(1.3,'No Attachment','1b',2000),(1.2,'No Attachment','1b',2000),(1.1,'No Attachment','1b',2000),(2.1,'No Attachment','1b',2000),(2.2,'No Attachment','1b',2000),(2.3,'No Attachment','1b',2000),(2.4,'No Attachment','1b',2000),(2.5,'No Attachment','1b',2000),(2.6,'No Attachment','1b',2000),(2.7,'No Attachment','1b',2000),(2.8,'No Attachment','1b',2000),(3.8,'No Attachment','1b',2000),(3.7,'No Attachment','1b',2000),(3.6,'No Attachment','1b',2000),(3.5,'No Attachment','1b',2000),(3.4,'No Attachment','1b',2000),(3.3,'No Attachment','1b',2000),(3.2,'No Attachment','1b',2000),(3.1,'No Attachment','1b',2000),(4.1,'No Attachment','1b',2000),(4.2,'No Attachment','1b',2000),(4.3,'Negative Attachment','1b',2000),(4.4,'No Attachment','1b',2000),(4.5,'No Attachment','1b',2000),(4.6,'No Attachment','1b',2000),(4.7,'No Attachment','1b',2000),(4.8,'No Attachment','1b',2000),(1.8,'No Attachment','1',1811071182),(1.7,'No Attachment','1',1811071182),(1.6,'Positive Attachment','1',1811071182),(1.5,'No Attachment','1',1811071182),(1.4,'Missing Tooth','1',1811071182),(1.3,'No Attachment','1',1811071182),(1.2,'No Attachment','1',1811071182),(1.1,'No Attachment','1',1811071182),(2.1,'No Attachment','1',1811071182),(2.2,'No Attachment','1',1811071182),(2.3,'Positive Attachment','1',1811071182),(2.4,'Missing Tooth','1',1811071182),(2.5,'No Attachment','1',1811071182),(2.6,'Positive Attachment','1',1811071182),(2.7,'No Attachment','1',1811071182),(2.8,'No Attachment','1',1811071182),(3.8,'No Attachment','1',1811071182),(3.7,'No Attachment','1',1811071182),(3.6,'No Attachment','1',1811071182),(3.5,'No Attachment','1',1811071182),(3.4,'Missing Tooth','1',1811071182),(3.3,'No Attachment','1',1811071182),(3.2,'No Attachment','1',1811071182),(3.1,'No Attachment','1',1811071182),(4.1,'No Attachment','1',1811071182),(4.2,'No Attachment','1',1811071182),(4.3,'No Attachment','1',1811071182),(4.4,'Missing Tooth','1',1811071182),(4.5,'No Attachment','1',1811071182),(4.6,'Positive Attachment','1',1811071182),(4.7,'No Attachment','1',1811071182),(4.8,'No Attachment','1',1811071182),(1.8,'No Attachment','1',1907071479),(1.7,'No Attachment','1',1907071479),(1.6,'Positive Attachment','1',1907071479),(1.5,'No Attachment','1',1907071479),(1.4,'Positive Attachment','1',1907071479),(1.3,'Positive Attachment','1',1907071479),(1.2,'Positive Attachment','1',1907071479),(1.1,'No Attachment','1',1907071479),(2.1,'No Attachment','1',1907071479),(2.2,'Positive Attachment','1',1907071479),(2.3,'Positive Attachment','1',1907071479),(2.4,'Positive Attachment','1',1907071479),(2.5,'No Attachment','1',1907071479),(2.6,'Positive Attachment','1',1907071479),(2.7,'No Attachment','1',1907071479),(2.8,'No Attachment','1',1907071479),(3.8,'No Attachment','1',1907071479),(3.7,'Positive Attachment','1',1907071479),(3.6,'Positive Attachment','1',1907071479),(3.5,'Positive Attachment','1',1907071479),(3.4,'Positive Attachment','1',1907071479),(3.3,'No Attachment','1',1907071479),(3.2,'Positive Attachment','1',1907071479),(3.1,'No Attachment','1',1907071479),(4.1,'No Attachment','1',1907071479),(4.2,'Positive Attachment','1',1907071479),(4.3,'No Attachment','1',1907071479),(4.4,'Positive Attachment','1',1907071479),(4.5,'Positive Attachment','1',1907071479),(4.6,'Positive Attachment','1',1907071479),(4.7,'Positive Attachment','1',1907071479),(4.8,'No Attachment','1',1907071479),(1.8,'No Attachment','1',1907335482),(1.7,'No Attachment','1',1907335482),(1.6,'Positive Attachment','1',1907335482),(1.5,'No Attachment','1',1907335482),(1.4,'Positive Attachment','1',1907335482),(1.3,'Positive Attachment','1',1907335482),(1.2,'Positive Attachment','1',1907335482),(1.1,'No Attachment','1',1907335482),(2.1,'No Attachment','1',1907335482),(2.2,'Positive Attachment','1',1907335482),(2.3,'Positive Attachment','1',1907335482),(2.4,'Positive Attachment','1',1907335482),(2.5,'No Attachment','1',1907335482),(2.6,'Positive Attachment','1',1907335482),(2.7,'No Attachment','1',1907335482),(2.8,'No Attachment','1',1907335482),(3.8,'No Attachment','1',1907335482),(3.7,'No Attachment','1',1907335482),(3.6,'Positive Attachment','1',1907335482),(3.5,'No Attachment','1',1907335482),(3.4,'Positive Attachment','1',1907335482),(3.3,'Positive Attachment','1',1907335482),(3.2,'Positive Attachment','1',1907335482),(3.1,'No Attachment','1',1907335482),(4.1,'No Attachment','1',1907335482),(4.2,'Positive Attachment','1',1907335482),(4.3,'Positive Attachment','1',1907335482),(4.4,'Positive Attachment','1',1907335482),(4.5,'No Attachment','1',1907335482),(4.6,'Positive Attachment','1',1907335482),(4.7,'No Attachment','1',1907335482),(4.8,'No Attachment','1',1907335482),(1.8,'No Attachment','1',1812065201),(1.7,'No Attachment','1',1812065201),(1.6,'No Attachment','1',1812065201),(1.5,'No Attachment','1',1812065201),(1.4,'No Attachment','1',1812065201),(1.3,'No Attachment','1',1812065201),(1.2,'No Attachment','1',1812065201),(1.1,'No Attachment','1',1812065201),(2.1,'No Attachment','1',1812065201),(2.2,'No Attachment','1',1812065201),(2.3,'No Attachment','1',1812065201),(2.4,'No Attachment','1',1812065201),(2.5,'No Attachment','1',1812065201),(2.6,'No Attachment','1',1812065201),(2.7,'No Attachment','1',1812065201),(2.8,'No Attachment','1',1812065201),(3.8,'No Attachment','1',1812065201),(3.7,'No Attachment','1',1812065201),(3.6,'Positive Attachment','1',1812065201),(3.5,'No Attachment','1',1812065201),(3.4,'Positive Attachment','1',1812065201),(3.3,'Positive Attachment','1',1812065201),(3.2,'Positive Attachment','1',1812065201),(3.1,'No Attachment','1',1812065201),(4.1,'No Attachment','1',1812065201),(4.2,'No Attachment','1',1812065201),(4.3,'No Attachment','1',1812065201),(4.4,'Positive Attachment','1',1812065201),(4.5,'No Attachment','1',1812065201),(4.6,'Positive Attachment','1',1812065201),(4.7,'No Attachment','1',1812065201),(4.8,'No Attachment','1',1812065201),(1.8,'No Attachment','2',1806091052),(1.7,'No Attachment','2',1806091052),(1.6,'No Attachment','2',1806091052),(1.5,'No Attachment','2',1806091052),(1.4,'No Attachment','2',1806091052),(1.3,'No Attachment','2',1806091052),(1.2,'Positive Attachment','2',1806091052),(1.1,'No Attachment','2',1806091052),(2.1,'No Attachment','2',1806091052),(2.2,'Positive Attachment','2',1806091052),(2.3,'No Attachment','2',1806091052),(2.4,'No Attachment','2',1806091052),(2.5,'No Attachment','2',1806091052),(2.6,'No Attachment','2',1806091052),(2.7,'No Attachment','2',1806091052),(2.8,'No Attachment','2',1806091052),(3.8,'No Attachment','2',1806091052),(3.7,'No Attachment','2',1806091052),(3.6,'Positive Attachment','2',1806091052),(3.5,'No Attachment','2',1806091052),(3.4,'No Attachment','2',1806091052),(3.3,'No Attachment','2',1806091052),(3.2,'Positive Attachment','2',1806091052),(3.1,'No Attachment','2',1806091052),(4.1,'No Attachment','2',1806091052),(4.2,'Positive Attachment','2',1806091052),(4.3,'No Attachment','2',1806091052),(4.4,'Positive Attachment','2',1806091052),(4.5,'No Attachment','2',1806091052),(4.6,'Positive Attachment','2',1806091052),(4.7,'No Attachment','2',1806091052),(4.8,'No Attachment','2',1806091052),(1.8,'No Attachment','4a',1806091052),(1.7,'No Attachment','4a',1806091052),(1.6,'No Attachment','4a',1806091052),(1.5,'No Attachment','4a',1806091052),(1.4,'No Attachment','4a',1806091052),(1.3,'No Attachment','4a',1806091052),(1.2,'No Attachment','4a',1806091052),(1.1,'Negative Attachment','4a',1806091052),(2.1,'No Attachment','4a',1806091052),(2.2,'No Attachment','4a',1806091052),(2.3,'No Attachment','4a',1806091052),(2.4,'No Attachment','4a',1806091052),(2.5,'No Attachment','4a',1806091052),(2.6,'No Attachment','4a',1806091052),(2.7,'No Attachment','4a',1806091052),(2.8,'No Attachment','4a',1806091052),(3.8,'No Attachment','4a',1806091052),(3.7,'No Attachment','4a',1806091052),(3.6,'No Attachment','4a',1806091052),(3.5,'Positive Attachment','4a',1806091052),(3.4,'No Attachment','4a',1806091052),(3.3,'No Attachment','4a',1806091052),(3.2,'No Attachment','4a',1806091052),(3.1,'No Attachment','4a',1806091052),(4.1,'No Attachment','4a',1806091052),(4.2,'No Attachment','4a',1806091052),(4.3,'No Attachment','4a',1806091052),(4.4,'No Attachment','4a',1806091052),(4.5,'No Attachment','4a',1806091052),(4.6,'No Attachment','4a',1806091052),(4.7,'No Attachment','4a',1806091052),(4.8,'No Attachment','4a',1806091052),(1.8,'No Attachment','5a',1806091052),(1.7,'No Attachment','5a',1806091052),(1.6,'No Attachment','5a',1806091052),(1.5,'No Attachment','5a',1806091052),(1.4,'No Attachment','5a',1806091052),(1.3,'No Attachment','5a',1806091052),(1.2,'Positive Attachment','5a',1806091052),(1.1,'No Attachment','5a',1806091052),(2.1,'No Attachment','5a',1806091052),(2.2,'Positive Attachment','5a',1806091052),(2.3,'No Attachment','5a',1806091052),(2.4,'No Attachment','5a',1806091052),(2.5,'No Attachment','5a',1806091052),(2.6,'Positive Attachment','5a',1806091052),(2.7,'No Attachment','5a',1806091052),(2.8,'No Attachment','5a',1806091052),(3.8,'No Attachment','5a',1806091052),(3.7,'No Attachment','5a',1806091052),(3.6,'Positive Attachment','5a',1806091052),(3.5,'No Attachment','5a',1806091052),(3.4,'No Attachment','5a',1806091052),(3.3,'No Attachment','5a',1806091052),(3.2,'Positive Attachment','5a',1806091052),(3.1,'No Attachment','5a',1806091052),(4.1,'No Attachment','5a',1806091052),(4.2,'Positive Attachment','5a',1806091052),(4.3,'No Attachment','5a',1806091052),(4.4,'Positive Attachment','5a',1806091052),(4.5,'No Attachment','5a',1806091052),(4.6,'Positive Attachment','5a',1806091052),(4.7,'No Attachment','5a',1806091052),(4.8,'No Attachment','5a',1806091052),(1.8,'No Attachment','1',1907365476),(1.7,'No Attachment','1',1907365476),(1.6,'Positive Attachment','1',1907365476),(1.5,'No Attachment','1',1907365476),(1.4,'Positive Attachment','1',1907365476),(1.3,'Positive Attachment','1',1907365476),(1.2,'No Attachment','1',1907365476),(1.1,'No Attachment','1',1907365476),(2.1,'No Attachment','1',1907365476),(2.2,'No Attachment','1',1907365476),(2.3,'Positive Attachment','1',1907365476),(2.4,'Positive Attachment','1',1907365476),(2.5,'No Attachment','1',1907365476),(2.6,'Positive Attachment','1',1907365476),(2.7,'No Attachment','1',1907365476),(2.8,'No Attachment','1',1907365476),(3.8,'No Attachment','1',1907365476),(3.7,'No Attachment','1',1907365476),(3.6,'Positive Attachment','1',1907365476),(3.5,'No Attachment','1',1907365476),(3.4,'Positive Attachment','1',1907365476),(3.3,'Positive Attachment','1',1907365476),(3.2,'Positive Attachment','1',1907365476),(3.1,'No Attachment','1',1907365476),(4.1,'No Attachment','1',1907365476),(4.2,'Positive Attachment','1',1907365476),(4.3,'Positive Attachment','1',1907365476),(4.4,'Positive Attachment','1',1907365476),(4.5,'No Attachment','1',1907365476),(4.6,'Positive Attachment','1',1907365476),(4.7,'No Attachment','1',1907365476),(4.8,'No Attachment','1',1907365476),(1.8,'No Attachment','1',1907065490),(1.7,'No Attachment','1',1907065490),(1.6,'Positive Attachment','1',1907065490),(1.5,'No Attachment','1',1907065490),(1.4,'Positive Attachment','1',1907065490),(1.3,'No Attachment','1',1907065490),(1.2,'No Attachment','1',1907065490),(1.1,'Positive Attachment','1',1907065490),(2.1,'Positive Attachment','1',1907065490),(2.2,'No Attachment','1',1907065490),(2.3,'No Attachment','1',1907065490),(2.4,'Positive Attachment','1',1907065490),(2.5,'No Attachment','1',1907065490),(2.6,'Positive Attachment','1',1907065490),(2.7,'No Attachment','1',1907065490),(2.8,'No Attachment','1',1907065490),(3.8,'No Attachment','1',1907065490),(3.7,'No Attachment','1',1907065490),(3.6,'Positive Attachment','1',1907065490),(3.5,'No Attachment','1',1907065490),(3.4,'Positive Attachment','1',1907065490),(3.3,'Positive Attachment','1',1907065490),(3.2,'No Attachment','1',1907065490),(3.1,'No Attachment','1',1907065490),(4.1,'No Attachment','1',1907065490),(4.2,'No Attachment','1',1907065490),(4.3,'Positive Attachment','1',1907065490),(4.4,'Positive Attachment','1',1907065490),(4.5,'No Attachment','1',1907065490),(4.6,'Positive Attachment','1',1907065490),(4.7,'No Attachment','1',1907065490),(4.8,'No Attachment','1',1907065490),(1.8,'No Attachment','1',1907071485),(1.7,'No Attachment','1',1907071485),(1.6,'Positive Attachment','1',1907071485),(1.5,'No Attachment','1',1907071485),(1.4,'Positive Attachment','1',1907071485),(1.3,'Positive Attachment','1',1907071485),(1.2,'Positive Attachment','1',1907071485),(1.1,'No Attachment','1',1907071485),(2.1,'No Attachment','1',1907071485),(2.2,'Positive Attachment','1',1907071485),(2.3,'Positive Attachment','1',1907071485),(2.4,'Positive Attachment','1',1907071485),(2.5,'No Attachment','1',1907071485),(2.6,'Positive Attachment','1',1907071485),(2.7,'No Attachment','1',1907071485),(2.8,'No Attachment','1',1907071485),(3.8,'No Attachment','1',1907071485),(3.7,'No Attachment','1',1907071485),(3.6,'Positive Attachment','1',1907071485),(3.5,'No Attachment','1',1907071485),(3.4,'Positive Attachment','1',1907071485),(3.3,'Positive Attachment','1',1907071485),(3.2,'No Attachment','1',1907071485),(3.1,'No Attachment','1',1907071485),(4.1,'No Attachment','1',1907071485),(4.2,'No Attachment','1',1907071485),(4.3,'Positive Attachment','1',1907071485),(4.4,'Positive Attachment','1',1907071485),(4.5,'No Attachment','1',1907071485),(4.6,'Positive Attachment','1',1907071485),(4.7,'No Attachment','1',1907071485),(4.8,'No Attachment','1',1907071485),(1.8,'No Attachment','1',1907365478),(1.7,'Positive Attachment','1',1907365478),(1.6,'Positive Attachment','1',1907365478),(1.5,'No Attachment','1',1907365478),(1.4,'Positive Attachment','1',1907365478),(1.3,'Positive Attachment','1',1907365478),(1.2,'Positive Attachment','1',1907365478),(1.1,'No Attachment','1',1907365478),(2.1,'No Attachment','1',1907365478),(2.2,'Positive Attachment','1',1907365478),(2.3,'Positive Attachment','1',1907365478),(2.4,'Positive Attachment','1',1907365478),(2.5,'No Attachment','1',1907365478),(2.6,'Positive Attachment','1',1907365478),(2.7,'Positive Attachment','1',1907365478),(2.8,'No Attachment','1',1907365478),(3.8,'No Attachment','1',1907365478),(3.7,'No Attachment','1',1907365478),(3.6,'Positive Attachment','1',1907365478),(3.5,'No Attachment','1',1907365478),(3.4,'Positive Attachment','1',1907365478),(3.3,'Positive Attachment','1',1907365478),(3.2,'Positive Attachment','1',1907365478),(3.1,'No Attachment','1',1907365478),(4.1,'No Attachment','1',1907365478),(4.2,'Positive Attachment','1',1907365478),(4.3,'Positive Attachment','1',1907365478),(4.4,'Positive Attachment','1',1907365478),(4.5,'No Attachment','1',1907365478),(4.6,'Positive Attachment','1',1907365478),(4.7,'No Attachment','1',1907365478),(4.8,'No Attachment','1',1907365478),(1.8,'No Attachment','1',1907065494),(1.7,'No Attachment','1',1907065494),(1.6,'Positive Attachment','1',1907065494),(1.5,'No Attachment','1',1907065494),(1.4,'Positive Attachment','1',1907065494),(1.3,'Positive Attachment','1',1907065494),(1.2,'Positive Attachment','1',1907065494),(1.1,'No Attachment','1',1907065494),(2.1,'No Attachment','1',1907065494),(2.2,'Positive Attachment','1',1907065494),(2.3,'Positive Attachment','1',1907065494),(2.4,'Positive Attachment','1',1907065494),(2.5,'No Attachment','1',1907065494),(2.6,'Positive Attachment','1',1907065494),(2.7,'No Attachment','1',1907065494),(2.8,'No Attachment','1',1907065494),(3.8,'No Attachment','1',1907065494),(3.7,'No Attachment','1',1907065494),(3.6,'Positive Attachment','1',1907065494),(3.5,'No Attachment','1',1907065494),(3.4,'Positive Attachment','1',1907065494),(3.3,'Positive Attachment','1',1907065494),(3.2,'Positive Attachment','1',1907065494),(3.1,'No Attachment','1',1907065494),(4.1,'No Attachment','1',1907065494),(4.2,'Positive Attachment','1',1907065494),(4.3,'Positive Attachment','1',1907065494),(4.4,'Positive Attachment','1',1907065494),(4.5,'No Attachment','1',1907065494),(4.6,'Positive Attachment','1',1907065494),(4.7,'No Attachment','1',1907065494),(4.8,'No Attachment','1',1907065494),(1.8,'No Attachment','1',1907065492),(1.7,'No Attachment','1',1907065492),(1.6,'Positive Attachment','1',1907065492),(1.5,'No Attachment','1',1907065492),(1.4,'Positive Attachment','1',1907065492),(1.3,'Positive Attachment','1',1907065492),(1.2,'No Attachment','1',1907065492),(1.1,'No Attachment','1',1907065492),(2.1,'No Attachment','1',1907065492),(2.2,'No Attachment','1',1907065492),(2.3,'Positive Attachment','1',1907065492),(2.4,'Positive Attachment','1',1907065492),(2.5,'No Attachment','1',1907065492),(2.6,'Positive Attachment','1',1907065492),(2.7,'No Attachment','1',1907065492),(2.8,'No Attachment','1',1907065492),(3.8,'No Attachment','1',1907065492),(3.7,'No Attachment','1',1907065492),(3.6,'Positive Attachment','1',1907065492),(3.5,'No Attachment','1',1907065492),(3.4,'Positive Attachment','1',1907065492),(3.3,'Positive Attachment','1',1907065492),(3.2,'No Attachment','1',1907065492),(3.1,'No Attachment','1',1907065492),(4.1,'No Attachment','1',1907065492),(4.2,'No Attachment','1',1907065492),(4.3,'Positive Attachment','1',1907065492),(4.4,'Positive Attachment','1',1907065492),(4.5,'No Attachment','1',1907065492),(4.6,'Positive Attachment','1',1907065492),(4.7,'No Attachment','1',1907065492),(4.8,'No Attachment','1',1907065492),(1.8,'No Attachment','1',1907065491),(1.7,'Positive Attachment','1',1907065491),(1.6,'Bridge','1',1907065491),(1.5,'Positive Attachment','1',1907065491),(1.4,'Positive Attachment','1',1907065491),(1.3,'Positive Attachment','1',1907065491),(1.2,'Positive Attachment','1',1907065491),(1.1,'No Attachment','1',1907065491),(2.1,'No Attachment','1',1907065491),(2.2,'Positive Attachment','1',1907065491),(2.3,'Positive Attachment','1',1907065491),(2.4,'Positive Attachment','1',1907065491),(2.5,'No Attachment','1',1907065491),(2.6,'Positive Attachment','1',1907065491),(2.7,'No Attachment','1',1907065491),(2.8,'No Attachment','1',1907065491),(3.8,'No Attachment','1',1907065491),(3.7,'No Attachment','1',1907065491),(3.6,'Positive Attachment','1',1907065491),(3.5,'No Attachment','1',1907065491),(3.4,'Positive Attachment','1',1907065491),(3.3,'Positive Attachment','1',1907065491),(3.2,'No Attachment','1',1907065491),(3.1,'Positive Attachment','1',1907065491),(4.1,'No Attachment','1',1907065491),(4.2,'No Attachment','1',1907065491),(4.3,'Positive Attachment','1',1907065491),(4.4,'Positive Attachment','1',1907065491),(4.5,'No Attachment','1',1907065491),(4.6,'Positive Attachment','1',1907065491),(4.7,'No Attachment','1',1907065491),(4.8,'No Attachment','1',1907065491),(1.8,'No Attachment','2',1907091484),(1.7,'No Attachment','2',1907091484),(1.6,'Positive Attachment','2',1907091484),(1.5,'No Attachment','2',1907091484),(1.4,'Extraction','2',1907091484),(1.3,'Positive Attachment','2',1907091484),(1.2,'Positive Attachment','2',1907091484),(1.1,'No Attachment','2',1907091484),(2.1,'No Attachment','2',1907091484),(2.2,'Positive Attachment','2',1907091484),(2.3,'Positive Attachment','2',1907091484),(2.4,'Extraction','2',1907091484),(2.5,'No Attachment','2',1907091484),(2.6,'Positive Attachment','2',1907091484),(2.7,'No Attachment','2',1907091484),(2.8,'No Attachment','2',1907091484),(3.8,'No Attachment','2',1907091484),(3.7,'No Attachment','2',1907091484),(3.6,'Positive Attachment','2',1907091484),(3.5,'No Attachment','2',1907091484),(3.4,'Extraction','2',1907091484),(3.3,'Positive Attachment','2',1907091484),(3.2,'Positive Attachment','2',1907091484),(3.1,'No Attachment','2',1907091484),(4.1,'No Attachment','2',1907091484),(4.2,'Positive Attachment','2',1907091484),(4.3,'Positive Attachment','2',1907091484),(4.4,'Extraction','2',1907091484),(4.5,'No Attachment','2',1907091484),(4.6,'Positive Attachment','2',1907091484),(4.7,'No Attachment','2',1907091484),(4.8,'No Attachment','2',1907091484),(1.8,'No Attachment','1',1907065495),(1.7,'No Attachment','1',1907065495),(1.6,'Positive Attachment','1',1907065495),(1.5,'No Attachment','1',1907065495),(1.4,'Positive Attachment','1',1907065495),(1.3,'Positive Attachment','1',1907065495),(1.2,'Positive Attachment','1',1907065495),(1.1,'No Attachment','1',1907065495),(2.1,'No Attachment','1',1907065495),(2.2,'Positive Attachment','1',1907065495),(2.3,'Positive Attachment','1',1907065495),(2.4,'Positive Attachment','1',1907065495),(2.5,'No Attachment','1',1907065495),(2.6,'Positive Attachment','1',1907065495),(2.7,'No Attachment','1',1907065495),(2.8,'No Attachment','1',1907065495),(3.8,'No Attachment','1',1907065495),(3.7,'No Attachment','1',1907065495),(3.6,'Positive Attachment','1',1907065495),(3.5,'No Attachment','1',1907065495),(3.4,'Positive Attachment','1',1907065495),(3.3,'Positive Attachment','1',1907065495),(3.2,'No Attachment','1',1907065495),(3.1,'No Attachment','1',1907065495),(4.1,'No Attachment','1',1907065495),(4.2,'No Attachment','1',1907065495),(4.3,'Positive Attachment','1',1907065495),(4.4,'Positive Attachment','1',1907065495),(4.5,'Bridge','1',1907065495),(4.6,'Positive Attachment','1',1907065495),(4.7,'Positive Attachment','1',1907065495),(4.8,'No Attachment','1',1907065495),(1.8,'No Attachment','',1812065201),(1.7,'No Attachment','',1812065201),(1.6,'No Attachment','',1812065201),(1.5,'No Attachment','',1812065201),(1.4,'No Attachment','',1812065201),(1.3,'No Attachment','',1812065201),(1.2,'No Attachment','',1812065201),(1.1,'No Attachment','',1812065201),(2.1,'No Attachment','',1812065201),(2.2,'No Attachment','',1812065201),(2.3,'No Attachment','',1812065201),(2.4,'No Attachment','',1812065201),(2.5,'No Attachment','',1812065201),(2.6,'No Attachment','',1812065201),(2.7,'No Attachment','',1812065201),(2.8,'No Attachment','',1812065201),(3.8,'No Attachment','',1812065201),(3.7,'No Attachment','',1812065201),(3.6,'Positive Attachment','',1812065201),(3.5,'No Attachment','',1812065201),(3.4,'Positive Attachment','',1812065201),(3.3,'Positive Attachment','',1812065201),(3.2,'Positive Attachment','',1812065201),(3.1,'No Attachment','',1812065201),(4.1,'No Attachment','',1812065201),(4.2,'No Attachment','',1812065201),(4.3,'No Attachment','',1812065201),(4.4,'Positive Attachment','',1812065201),(4.5,'No Attachment','',1812065201),(4.6,'Positive Attachment','',1812065201),(4.7,'No Attachment','',1812065201),(4.8,'No Attachment','',1812065201),(1.8,'No Attachment','1',1907191483),(1.7,'No Attachment','1',1907191483),(1.6,'Positive Attachment','1',1907191483),(1.5,'No Attachment','1',1907191483),(1.4,'Extraction','1',1907191483),(1.3,'Positive Attachment','1',1907191483),(1.2,'Positive Attachment','1',1907191483),(1.1,'No Attachment','1',1907191483),(2.1,'No Attachment','1',1907191483),(2.2,'Positive Attachment','1',1907191483),(2.3,'Positive Attachment','1',1907191483),(2.4,'Extraction','1',1907191483),(2.5,'No Attachment','1',1907191483),(2.6,'Positive Attachment','1',1907191483),(2.7,'No Attachment','1',1907191483),(2.8,'No Attachment','1',1907191483),(3.8,'No Attachment','1',1907191483),(3.7,'No Attachment','1',1907191483),(3.6,'Positive Attachment','1',1907191483),(3.5,'Positive Attachment','1',1907191483),(3.4,'Positive Attachment','1',1907191483),(3.3,'Positive Attachment','1',1907191483),(3.2,'No Attachment','1',1907191483),(3.1,'No Attachment','1',1907191483),(4.1,'No Attachment','1',1907191483),(4.2,'Positive Attachment','1',1907191483),(4.3,'Positive Attachment','1',1907191483),(4.4,'Positive Attachment','1',1907191483),(4.5,'No Attachment','1',1907191483),(4.6,'Positive Attachment','1',1907191483),(4.7,'Missing Tooth','1',1907191483),(4.8,'No Attachment','1',1907191483),(1.8,'No Attachment','1',1802071932),(1.7,'No Attachment','1',1802071932),(1.6,'Positive Attachment','1',1802071932),(1.5,'No Attachment','1',1802071932),(1.4,'No Attachment','1',1802071932),(1.3,'No Attachment','1',1802071932),(1.2,'No Attachment','1',1802071932),(1.1,'Positive Attachment','1',1802071932),(2.1,'Positive Attachment','1',1802071932),(2.2,'No Attachment','1',1802071932),(2.3,'Positive Attachment','1',1802071932),(2.4,'No Attachment','1',1802071932),(2.5,'No Attachment','1',1802071932),(2.6,'Positive Attachment','1',1802071932),(2.7,'No Attachment','1',1802071932),(2.8,'No Attachment','1',1802071932),(3.8,'No Attachment','1',1802071932),(3.7,'No Attachment','1',1802071932),(3.6,'Positive Attachment','1',1802071932),(3.5,'No Attachment','1',1802071932),(3.4,'No Attachment','1',1802071932),(3.3,'No Attachment','1',1802071932),(3.2,'No Attachment','1',1802071932),(3.1,'No Attachment','1',1802071932),(4.1,'No Attachment','1',1802071932),(4.2,'No Attachment','1',1802071932),(4.3,'No Attachment','1',1802071932),(4.4,'No Attachment','1',1802071932),(4.5,'No Attachment','1',1802071932),(4.6,'Positive Attachment','1',1802071932),(4.7,'No Attachment','1',1802071932),(4.8,'No Attachment','1',1802071932),(1.8,'No Attachment','1',1907067498),(1.7,'No Attachment','1',1907067498),(1.6,'Positive Attachment','1',1907067498),(1.5,'No Attachment','1',1907067498),(1.4,'Positive Attachment','1',1907067498),(1.3,'Positive Attachment','1',1907067498),(1.2,'No Attachment','1',1907067498),(1.1,'Positive Attachment','1',1907067498),(2.1,'Positive Attachment','1',1907067498),(2.2,'No Attachment','1',1907067498),(2.3,'Positive Attachment','1',1907067498),(2.4,'Positive Attachment','1',1907067498),(2.5,'No Attachment','1',1907067498),(2.6,'Missing Tooth','1',1907067498),(2.7,'Positive Attachment','1',1907067498),(2.8,'No Attachment','1',1907067498),(3.8,'No Attachment','1',1907067498),(3.7,'No Attachment','1',1907067498),(3.6,'Positive Attachment','1',1907067498),(3.5,'No Attachment','1',1907067498),(3.4,'Positive Attachment','1',1907067498),(3.3,'Positive Attachment','1',1907067498),(3.2,'Positive Attachment','1',1907067498),(3.1,'No Attachment','1',1907067498),(4.1,'Positive Attachment','1',1907067498),(4.2,'No Attachment','1',1907067498),(4.3,'Positive Attachment','1',1907067498),(4.4,'Positive Attachment','1',1907067498),(4.5,'No Attachment','1',1907067498),(4.6,'Missing Tooth','1',1907067498),(4.7,'Positive Attachment','1',1907067498),(4.8,'No Attachment','1',1907067498),(1.8,'No Attachment','1',1907075496),(1.7,'No Attachment','1',1907075496),(1.6,'Positive Attachment','1',1907075496),(1.5,'No Attachment','1',1907075496),(1.4,'Positive Attachment','1',1907075496),(1.3,'Positive Attachment','1',1907075496),(1.2,'Positive Attachment','1',1907075496),(1.1,'No Attachment','1',1907075496),(2.1,'No Attachment','1',1907075496),(2.2,'Positive Attachment','1',1907075496),(2.3,'Positive Attachment','1',1907075496),(2.4,'Positive Attachment','1',1907075496),(2.5,'No Attachment','1',1907075496),(2.6,'Positive Attachment','1',1907075496),(2.7,'No Attachment','1',1907075496),(2.8,'No Attachment','1',1907075496),(3.8,'No Attachment','1',1907075496),(3.7,'No Attachment','1',1907075496),(3.6,'Positive Attachment','1',1907075496),(3.5,'No Attachment','1',1907075496),(3.4,'Positive Attachment','1',1907075496),(3.3,'Positive Attachment','1',1907075496),(3.2,'No Attachment','1',1907075496),(3.1,'No Attachment','1',1907075496),(4.1,'No Attachment','1',1907075496),(4.2,'No Attachment','1',1907075496),(4.3,'Positive Attachment','1',1907075496),(4.4,'Positive Attachment','1',1907075496),(4.5,'No Attachment','1',1907075496),(4.6,'Positive Attachment','1',1907075496),(4.7,'No Attachment','1',1907075496),(4.8,'No Attachment','1',1907075496),(1.8,'No Attachment','1',1907097500),(1.7,'No Attachment','1',1907097500),(1.6,'Positive Attachment','1',1907097500),(1.5,'No Attachment','1',1907097500),(1.4,'Positive Attachment','1',1907097500),(1.3,'Positive Attachment','1',1907097500),(1.2,'Positive Attachment','1',1907097500),(1.1,'No Attachment','1',1907097500),(2.1,'No Attachment','1',1907097500),(2.2,'Positive Attachment','1',1907097500),(2.3,'Positive Attachment','1',1907097500),(2.4,'Positive Attachment','1',1907097500),(2.5,'No Attachment','1',1907097500),(2.6,'Missing Tooth','1',1907097500),(2.7,'Positive Attachment','1',1907097500),(2.8,'No Attachment','1',1907097500),(3.8,'No Attachment','1',1907097500),(3.7,'No Attachment','1',1907097500),(3.6,'Positive Attachment','1',1907097500),(3.5,'No Attachment','1',1907097500),(3.4,'Positive Attachment','1',1907097500),(3.3,'Positive Attachment','1',1907097500),(3.2,'Positive Attachment','1',1907097500),(3.1,'No Attachment','1',1907097500),(4.1,'No Attachment','1',1907097500),(4.2,'Positive Attachment','1',1907097500),(4.3,'Positive Attachment','1',1907097500),(4.4,'Positive Attachment','1',1907097500),(4.5,'No Attachment','1',1907097500),(4.6,'Positive Attachment','1',1907097500),(4.7,'No Attachment','1',1907097500),(4.8,'No Attachment','1',1907097500),(1.8,'No Attachment','1',1907061497),(1.7,'No Attachment','1',1907061497),(1.6,'Positive Attachment','1',1907061497),(1.5,'No Attachment','1',1907061497),(1.4,'Positive Attachment','1',1907061497),(1.3,'Positive Attachment','1',1907061497),(1.2,'Positive Attachment','1',1907061497),(1.1,'No Attachment','1',1907061497),(2.1,'No Attachment','1',1907061497),(2.2,'Positive Attachment','1',1907061497),(2.3,'Positive Attachment','1',1907061497),(2.4,'Positive Attachment','1',1907061497),(2.5,'No Attachment','1',1907061497),(2.6,'Positive Attachment','1',1907061497),(2.7,'No Attachment','1',1907061497),(2.8,'No Attachment','1',1907061497),(3.8,'Missing Tooth','1',1907061497),(3.7,'Missing Tooth','1',1907061497),(3.6,'Positive Attachment','1',1907061497),(3.5,'No Attachment','1',1907061497),(3.4,'Positive Attachment','1',1907061497),(3.3,'Positive Attachment','1',1907061497),(3.2,'No Attachment','1',1907061497),(3.1,'No Attachment','1',1907061497),(4.1,'No Attachment','1',1907061497),(4.2,'No Attachment','1',1907061497),(4.3,'Positive Attachment','1',1907061497),(4.4,'Positive Attachment','1',1907061497),(4.5,'No Attachment','1',1907061497),(4.6,'Positive Attachment','1',1907061497),(4.7,'Missing Tooth','1',1907061497),(4.8,'Positive Attachment','1',1907061497),(1.8,'No Attachment','1',1902071276),(1.7,'No Attachment','1',1902071276),(1.6,'Positive Attachment','1',1902071276),(1.5,'No Attachment','1',1902071276),(1.4,'No Attachment','1',1902071276),(1.3,'Positive Attachment','1',1902071276),(1.2,'Positive Attachment','1',1902071276),(1.1,'Positive Attachment','1',1902071276),(2.1,'Positive Attachment','1',1902071276),(2.2,'No Attachment','1',1902071276),(2.3,'Positive Attachment','1',1902071276),(2.4,'Positive Attachment','1',1902071276),(2.5,'No Attachment','1',1902071276),(2.6,'Positive Attachment','1',1902071276),(2.7,'No Attachment','1',1902071276),(2.8,'No Attachment','1',1902071276),(3.8,'No Attachment','1',1902071276),(3.7,'No Attachment','1',1902071276),(3.6,'Bridge','1',1902071276),(3.5,'Positive Attachment','1',1902071276),(3.4,'Positive Attachment','1',1902071276),(3.3,'Positive Attachment','1',1902071276),(3.2,'No Attachment','1',1902071276),(3.1,'No Attachment','1',1902071276),(4.1,'No Attachment','1',1902071276),(4.2,'No Attachment','1',1902071276),(4.3,'Positive Attachment','1',1902071276),(4.4,'Positive Attachment','1',1902071276),(4.5,'Positive Attachment','1',1902071276),(4.6,'Missing Tooth','1',1902071276),(4.7,'Positive Attachment','1',1902071276),(4.8,'No Attachment','1',1902071276),(1.8,'No Attachment','1',1906191450),(1.7,'No Attachment','1',1906191450),(1.6,'Positive Attachment','1',1906191450),(1.5,'No Attachment','1',1906191450),(1.4,'Positive Attachment','1',1906191450),(1.3,'Positive Attachment','1',1906191450),(1.2,'Positive Attachment','1',1906191450),(1.1,'No Attachment','1',1906191450),(2.1,'No Attachment','1',1906191450),(2.2,'Positive Attachment','1',1906191450),(2.3,'Positive Attachment','1',1906191450),(2.4,'Positive Attachment','1',1906191450),(2.5,'No Attachment','1',1906191450),(2.6,'Positive Attachment','1',1906191450),(2.7,'No Attachment','1',1906191450),(2.8,'No Attachment','1',1906191450),(3.8,'No Attachment','1',1906191450),(3.7,'No Attachment','1',1906191450),(3.6,'Positive Attachment','1',1906191450),(3.5,'No Attachment','1',1906191450),(3.4,'Positive Attachment','1',1906191450),(3.3,'Positive Attachment','1',1906191450),(3.2,'No Attachment','1',1906191450),(3.1,'No Attachment','1',1906191450),(4.1,'No Attachment','1',1906191450),(4.2,'No Attachment','1',1906191450),(4.3,'Positive Attachment','1',1906191450),(4.4,'Positive Attachment','1',1906191450),(4.5,'No Attachment','1',1906191450),(4.6,'Positive Attachment','1',1906191450),(4.7,'No Attachment','1',1906191450),(4.8,'No Attachment','1',1906191450),(1.8,'No Attachment','1',1907065502),(1.7,'No Attachment','1',1907065502),(1.6,'Positive Attachment','1',1907065502),(1.5,'No Attachment','1',1907065502),(1.4,'Positive Attachment','1',1907065502),(1.3,'Positive Attachment','1',1907065502),(1.2,'Positive Attachment','1',1907065502),(1.1,'No Attachment','1',1907065502),(2.1,'No Attachment','1',1907065502),(2.2,'Positive Attachment','1',1907065502),(2.3,'Positive Attachment','1',1907065502),(2.4,'Positive Attachment','1',1907065502),(2.5,'No Attachment','1',1907065502),(2.6,'Positive Attachment','1',1907065502),(2.7,'No Attachment','1',1907065502),(2.8,'No Attachment','1',1907065502),(3.8,'No Attachment','1',1907065502),(3.7,'No Attachment','1',1907065502),(3.6,'Positive Attachment','1',1907065502),(3.5,'No Attachment','1',1907065502),(3.4,'Positive Attachment','1',1907065502),(3.3,'Positive Attachment','1',1907065502),(3.2,'Positive Attachment','1',1907065502),(3.1,'No Attachment','1',1907065502),(4.1,'Positive Attachment','1',1907065502),(4.2,'Missing Tooth','1',1907065502),(4.3,'Positive Attachment','1',1907065502),(4.4,'Positive Attachment','1',1907065502),(4.5,'No Attachment','1',1907065502),(4.6,'Positive Attachment','1',1907065502),(4.7,'No Attachment','1',1907065502),(4.8,'No Attachment','1',1907065502),(1.8,'No Attachment','2',1906191450),(1.7,'No Attachment','2',1906191450),(1.6,'Positive Attachment','2',1906191450),(1.5,'No Attachment','2',1906191450),(1.4,'Positive Attachment','2',1906191450),(1.3,'Positive Attachment','2',1906191450),(1.2,'Positive Attachment','2',1906191450),(1.1,'No Attachment','2',1906191450),(2.1,'No Attachment','2',1906191450),(2.2,'Positive Attachment','2',1906191450),(2.3,'Positive Attachment','2',1906191450),(2.4,'Positive Attachment','2',1906191450),(2.5,'No Attachment','2',1906191450),(2.6,'Positive Attachment','2',1906191450),(2.7,'No Attachment','2',1906191450),(2.8,'No Attachment','2',1906191450),(3.8,'No Attachment','2',1906191450),(3.7,'No Attachment','2',1906191450),(3.6,'Positive Attachment','2',1906191450),(3.5,'No Attachment','2',1906191450),(3.4,'Positive Attachment','2',1906191450),(3.3,'Positive Attachment','2',1906191450),(3.2,'No Attachment','2',1906191450),(3.1,'No Attachment','2',1906191450),(4.1,'No Attachment','2',1906191450),(4.2,'No Attachment','2',1906191450),(4.3,'Positive Attachment','2',1906191450),(4.4,'Positive Attachment','2',1906191450),(4.5,'No Attachment','2',1906191450),(4.6,'Positive Attachment','2',1906191450),(4.7,'No Attachment','2',1906191450),(4.8,'No Attachment','2',1906191450),(1.8,'No Attachment','2',1907065502),(1.7,'No Attachment','2',1907065502),(1.6,'Positive Attachment','2',1907065502),(1.5,'No Attachment','2',1907065502),(1.4,'Positive Attachment','2',1907065502),(1.3,'Positive Attachment','2',1907065502),(1.2,'No Attachment','2',1907065502),(1.1,'No Attachment','2',1907065502),(2.1,'No Attachment','2',1907065502),(2.2,'No Attachment','2',1907065502),(2.3,'Positive Attachment','2',1907065502),(2.4,'Positive Attachment','2',1907065502),(2.5,'No Attachment','2',1907065502),(2.6,'Positive Attachment','2',1907065502),(2.7,'No Attachment','2',1907065502),(2.8,'No Attachment','2',1907065502),(3.8,'No Attachment','2',1907065502),(3.7,'No Attachment','2',1907065502),(3.6,'Positive Attachment','2',1907065502),(3.5,'No Attachment','2',1907065502),(3.4,'Positive Attachment','2',1907065502),(3.3,'Positive Attachment','2',1907065502),(3.2,'No Attachment','2',1907065502),(3.1,'No Attachment','2',1907065502),(4.1,'No Attachment','2',1907065502),(4.2,'Missing Tooth','2',1907065502),(4.3,'Positive Attachment','2',1907065502),(4.4,'Positive Attachment','2',1907065502),(4.5,'No Attachment','2',1907065502),(4.6,'Positive Attachment','2',1907065502),(4.7,'No Attachment','2',1907065502),(4.8,'No Attachment','2',1907065502),(1.8,'No Attachment','2',1907061497),(1.7,'No Attachment','2',1907061497),(1.6,'Positive Attachment','2',1907061497),(1.5,'No Attachment','2',1907061497),(1.4,'Positive Attachment','2',1907061497),(1.3,'Positive Attachment','2',1907061497),(1.2,'Positive Attachment','2',1907061497),(1.1,'No Attachment','2',1907061497),(2.1,'No Attachment','2',1907061497),(2.2,'Positive Attachment','2',1907061497),(2.3,'Positive Attachment','2',1907061497),(2.4,'Positive Attachment','2',1907061497),(2.5,'No Attachment','2',1907061497),(2.6,'Positive Attachment','2',1907061497),(2.7,'No Attachment','2',1907061497),(2.8,'No Attachment','2',1907061497),(3.8,'Missing Tooth','2',1907061497),(3.7,'Missing Tooth','2',1907061497),(3.6,'Positive Attachment','2',1907061497),(3.5,'No Attachment','2',1907061497),(3.4,'Positive Attachment','2',1907061497),(3.3,'Positive Attachment','2',1907061497),(3.2,'No Attachment','2',1907061497),(3.1,'No Attachment','2',1907061497),(4.1,'No Attachment','2',1907061497),(4.2,'No Attachment','2',1907061497),(4.3,'Positive Attachment','2',1907061497),(4.4,'Positive Attachment','2',1907061497),(4.5,'No Attachment','2',1907061497),(4.6,'Positive Attachment','2',1907061497),(4.7,'Missing Tooth','2',1907061497),(4.8,'Missing Tooth','2',1907061497),(1.8,'No Attachment','3',1907065502),(1.7,'No Attachment','3',1907065502),(1.6,'Positive Attachment','3',1907065502),(1.5,'No Attachment','3',1907065502),(1.4,'Positive Attachment','3',1907065502),(1.3,'Positive Attachment','3',1907065502),(1.2,'No Attachment','3',1907065502),(1.1,'No Attachment','3',1907065502),(2.1,'No Attachment','3',1907065502),(2.2,'No Attachment','3',1907065502),(2.3,'Positive Attachment','3',1907065502),(2.4,'Positive Attachment','3',1907065502),(2.5,'No Attachment','3',1907065502),(2.6,'Positive Attachment','3',1907065502),(2.7,'No Attachment','3',1907065502),(2.8,'No Attachment','3',1907065502),(3.8,'No Attachment','3',1907065502),(3.7,'No Attachment','3',1907065502),(3.6,'Positive Attachment','3',1907065502),(3.5,'No Attachment','3',1907065502),(3.4,'Positive Attachment','3',1907065502),(3.3,'Positive Attachment','3',1907065502),(3.2,'No Attachment','3',1907065502),(3.1,'No Attachment','3',1907065502),(4.1,'No Attachment','3',1907065502),(4.2,'Missing Tooth','3',1907065502),(4.3,'Positive Attachment','3',1907065502),(4.4,'Positive Attachment','3',1907065502),(4.5,'No Attachment','3',1907065502),(4.6,'Positive Attachment','3',1907065502),(4.7,'No Attachment','3',1907065502),(4.8,'No Attachment','3',1907065502),(1.8,'No Attachment','1',1907071508),(1.7,'No Attachment','1',1907071508),(1.6,'Positive Attachment','1',1907071508),(1.5,'No Attachment','1',1907071508),(1.4,'Positive Attachment','1',1907071508),(1.3,'Positive Attachment','1',1907071508),(1.2,'Positive Attachment','1',1907071508),(1.1,'No Attachment','1',1907071508),(2.1,'No Attachment','1',1907071508),(2.2,'Positive Attachment','1',1907071508),(2.3,'Positive Attachment','1',1907071508),(2.4,'Positive Attachment','1',1907071508),(2.5,'No Attachment','1',1907071508),(2.6,'Positive Attachment','1',1907071508),(2.7,'No Attachment','1',1907071508),(2.8,'No Attachment','1',1907071508),(3.8,'No Attachment','1',1907071508),(3.7,'No Attachment','1',1907071508),(3.6,'Positive Attachment','1',1907071508),(3.5,'No Attachment','1',1907071508),(3.4,'Positive Attachment','1',1907071508),(3.3,'Positive Attachment','1',1907071508),(3.2,'No Attachment','1',1907071508),(3.1,'No Attachment','1',1907071508),(4.1,'No Attachment','1',1907071508),(4.2,'Positive Attachment','1',1907071508),(4.3,'Positive Attachment','1',1907071508),(4.4,'Positive Attachment','1',1907071508),(4.5,'No Attachment','1',1907071508),(4.6,'Positive Attachment','1',1907071508),(4.7,'No Attachment','1',1907071508),(4.8,'No Attachment','1',1907071508),(1.8,'No Attachment','1',1907075504),(1.7,'No Attachment','1',1907075504),(1.6,'Positive Attachment','1',1907075504),(1.5,'No Attachment','1',1907075504),(1.4,'Positive Attachment','1',1907075504),(1.3,'Positive Attachment','1',1907075504),(1.2,'Positive Attachment','1',1907075504),(1.1,'No Attachment','1',1907075504),(2.1,'No Attachment','1',1907075504),(2.2,'Positive Attachment','1',1907075504),(2.3,'Positive Attachment','1',1907075504),(2.4,'Positive Attachment','1',1907075504),(2.5,'No Attachment','1',1907075504),(2.6,'Positive Attachment','1',1907075504),(2.7,'No Attachment','1',1907075504),(2.8,'No Attachment','1',1907075504),(3.8,'No Attachment','1',1907075504),(3.7,'No Attachment','1',1907075504),(3.6,'Positive Attachment','1',1907075504),(3.5,'No Attachment','1',1907075504),(3.4,'Positive Attachment','1',1907075504),(3.3,'Positive Attachment','1',1907075504),(3.2,'Positive Attachment','1',1907075504),(3.1,'Positive Attachment','1',1907075504),(4.1,'Missing Tooth','1',1907075504),(4.2,'No Attachment','1',1907075504),(4.3,'Positive Attachment','1',1907075504),(4.4,'Positive Attachment','1',1907075504),(4.5,'No Attachment','1',1907075504),(4.6,'Positive Attachment','1',1907075504),(4.7,'No Attachment','1',1907075504),(4.8,'No Attachment','1',1907075504),(1.8,'No Attachment','1',1907365503),(1.7,'No Attachment','1',1907365503),(1.6,'Positive Attachment','1',1907365503),(1.5,'No Attachment','1',1907365503),(1.4,'Positive Attachment','1',1907365503),(1.3,'Positive Attachment','1',1907365503),(1.2,'No Attachment','1',1907365503),(1.1,'No Attachment','1',1907365503),(2.1,'No Attachment','1',1907365503),(2.2,'No Attachment','1',1907365503),(2.3,'Positive Attachment','1',1907365503),(2.4,'Positive Attachment','1',1907365503),(2.5,'No Attachment','1',1907365503),(2.6,'Positive Attachment','1',1907365503),(2.7,'No Attachment','1',1907365503),(2.8,'No Attachment','1',1907365503),(3.8,'No Attachment','1',1907365503),(3.7,'No Attachment','1',1907365503),(3.6,'Positive Attachment','1',1907365503),(3.5,'No Attachment','1',1907365503),(3.4,'Positive Attachment','1',1907365503),(3.3,'Positive Attachment','1',1907365503),(3.2,'Positive Attachment','1',1907365503),(3.1,'No Attachment','1',1907365503),(4.1,'No Attachment','1',1907365503),(4.2,'Positive Attachment','1',1907365503),(4.3,'Positive Attachment','1',1907365503),(4.4,'Positive Attachment','1',1907365503),(4.5,'No Attachment','1',1907365503),(4.6,'Positive Attachment','1',1907365503),(4.7,'No Attachment','1',1907365503),(4.8,'No Attachment','1',1907365503),(1.8,'No Attachment','2',1907365503),(1.7,'No Attachment','2',1907365503),(1.6,'Positive Attachment','2',1907365503),(1.5,'No Attachment','2',1907365503),(1.4,'Positive Attachment','2',1907365503),(1.3,'Positive Attachment','2',1907365503),(1.2,'No Attachment','2',1907365503),(1.1,'No Attachment','2',1907365503),(2.1,'No Attachment','2',1907365503),(2.2,'No Attachment','2',1907365503),(2.3,'Positive Attachment','2',1907365503),(2.4,'Positive Attachment','2',1907365503),(2.5,'No Attachment','2',1907365503),(2.6,'Positive Attachment','2',1907365503),(2.7,'No Attachment','2',1907365503),(2.8,'No Attachment','2',1907365503),(3.8,'No Attachment','2',1907365503),(3.7,'No Attachment','2',1907365503),(3.6,'Positive Attachment','2',1907365503),(3.5,'No Attachment','2',1907365503),(3.4,'Positive Attachment','2',1907365503),(3.3,'Positive Attachment','2',1907365503),(3.2,'Positive Attachment','2',1907365503),(3.1,'No Attachment','2',1907365503),(4.1,'No Attachment','2',1907365503),(4.2,'Positive Attachment','2',1907365503),(4.3,'Positive Attachment','2',1907365503),(4.4,'Positive Attachment','2',1907365503),(4.5,'No Attachment','2',1907365503),(4.6,'Positive Attachment','2',1907365503),(4.7,'No Attachment','2',1907365503),(4.8,'No Attachment','2',1907365503),(1.8,'No Attachment','1',1907071486),(1.7,'No Attachment','1',1907071486),(1.6,'Positive Attachment','1',1907071486),(1.5,'No Attachment','1',1907071486),(1.4,'Positive Attachment','1',1907071486),(1.3,'No Attachment','1',1907071486),(1.2,'Positive Attachment','1',1907071486),(1.1,'No Attachment','1',1907071486),(2.1,'No Attachment','1',1907071486),(2.2,'No Attachment','1',1907071486),(2.3,'Positive Attachment','1',1907071486),(2.4,'Positive Attachment','1',1907071486),(2.5,'No Attachment','1',1907071486),(2.6,'Positive Attachment','1',1907071486),(2.7,'No Attachment','1',1907071486),(2.8,'No Attachment','1',1907071486),(3.8,'No Attachment','1',1907071486),(3.7,'No Attachment','1',1907071486),(3.6,'Positive Attachment','1',1907071486),(3.5,'No Attachment','1',1907071486),(3.4,'Positive Attachment','1',1907071486),(3.3,'Positive Attachment','1',1907071486),(3.2,'Positive Attachment','1',1907071486),(3.1,'No Attachment','1',1907071486),(4.1,'No Attachment','1',1907071486),(4.2,'Positive Attachment','1',1907071486),(4.3,'Positive Attachment','1',1907071486),(4.4,'Positive Attachment','1',1907071486),(4.5,'No Attachment','1',1907071486),(4.6,'Positive Attachment','1',1907071486),(4.7,'No Attachment','1',1907071486),(4.8,'No Attachment','1',1907071486),(1.8,'No Attachment','2',1907071486),(1.7,'No Attachment','2',1907071486),(1.6,'Positive Attachment','2',1907071486),(1.5,'No Attachment','2',1907071486),(1.4,'Positive Attachment','2',1907071486),(1.3,'No Attachment','2',1907071486),(1.2,'Positive Attachment','2',1907071486),(1.1,'No Attachment','2',1907071486),(2.1,'No Attachment','2',1907071486),(2.2,'No Attachment','2',1907071486),(2.3,'Extraction','2',1907071486),(2.4,'Positive Attachment','2',1907071486),(2.5,'No Attachment','2',1907071486),(2.6,'Positive Attachment','2',1907071486),(2.7,'No Attachment','2',1907071486),(2.8,'No Attachment','2',1907071486),(3.8,'No Attachment','2',1907071486),(3.7,'No Attachment','2',1907071486),(3.6,'Positive Attachment','2',1907071486),(3.5,'No Attachment','2',1907071486),(3.4,'Positive Attachment','2',1907071486),(3.3,'Positive Attachment','2',1907071486),(3.2,'Positive Attachment','2',1907071486),(3.1,'No Attachment','2',1907071486),(4.1,'No Attachment','2',1907071486),(4.2,'Positive Attachment','2',1907071486),(4.3,'Positive Attachment','2',1907071486),(4.4,'Positive Attachment','2',1907071486),(4.5,'No Attachment','2',1907071486),(4.6,'Positive Attachment','2',1907071486),(4.7,'No Attachment','2',1907071486),(4.8,'No Attachment','2',1907071486),(1.8,'No Attachment','1',1907075506),(1.7,'No Attachment','1',1907075506),(1.6,'No Attachment','1',1907075506),(1.5,'No Attachment','1',1907075506),(1.4,'No Attachment','1',1907075506),(1.3,'No Attachment','1',1907075506),(1.2,'No Attachment','1',1907075506),(1.1,'No Attachment','1',1907075506),(2.1,'No Attachment','1',1907075506),(2.2,'No Attachment','1',1907075506),(2.3,'No Attachment','1',1907075506),(2.4,'No Attachment','1',1907075506),(2.5,'No Attachment','1',1907075506),(2.6,'No Attachment','1',1907075506),(2.7,'No Attachment','1',1907075506),(2.8,'No Attachment','1',1907075506),(3.8,'No Attachment','1',1907075506),(3.7,'No Attachment','1',1907075506),(3.6,'Positive Attachment','1',1907075506),(3.5,'No Attachment','1',1907075506),(3.4,'Positive Attachment','1',1907075506),(3.3,'Positive Attachment','1',1907075506),(3.2,'No Attachment','1',1907075506),(3.1,'No Attachment','1',1907075506),(4.1,'No Attachment','1',1907075506),(4.2,'No Attachment','1',1907075506),(4.3,'Positive Attachment','1',1907075506),(4.4,'Positive Attachment','1',1907075506),(4.5,'No Attachment','1',1907075506),(4.6,'Positive Attachment','1',1907075506),(4.7,'No Attachment','1',1907075506),(4.8,'No Attachment','1',1907075506),(1.8,'No Attachment','1',1907075509),(1.7,'No Attachment','1',1907075509),(1.6,'Positive Attachment','1',1907075509),(1.5,'No Attachment','1',1907075509),(1.4,'Positive Attachment','1',1907075509),(1.3,'Positive Attachment','1',1907075509),(1.2,'No Attachment','1',1907075509),(1.1,'Positive Attachment','1',1907075509),(2.1,'Positive Attachment','1',1907075509),(2.2,'No Attachment','1',1907075509),(2.3,'Positive Attachment','1',1907075509),(2.4,'Positive Attachment','1',1907075509),(2.5,'No Attachment','1',1907075509),(2.6,'Positive Attachment','1',1907075509),(2.7,'No Attachment','1',1907075509),(2.8,'No Attachment','1',1907075509),(3.8,'No Attachment','1',1907075509),(3.7,'No Attachment','1',1907075509),(3.6,'Positive Attachment','1',1907075509),(3.5,'No Attachment','1',1907075509),(3.4,'Positive Attachment','1',1907075509),(3.3,'Positive Attachment','1',1907075509),(3.2,'No Attachment','1',1907075509),(3.1,'No Attachment','1',1907075509),(4.1,'No Attachment','1',1907075509),(4.2,'No Attachment','1',1907075509),(4.3,'Positive Attachment','1',1907075509),(4.4,'Positive Attachment','1',1907075509),(4.5,'No Attachment','1',1907075509),(4.6,'Positive Attachment','1',1907075509),(4.7,'No Attachment','1',1907075509),(4.8,'No Attachment','1',1907075509),(1.8,'No Attachment','1',1907075507),(1.7,'Positive Attachment','1',1907075507),(1.6,'Missing Tooth','1',1907075507),(1.5,'Positive Attachment','1',1907075507),(1.4,'No Attachment','1',1907075507),(1.3,'Positive Attachment','1',1907075507),(1.2,'Positive Attachment','1',1907075507),(1.1,'Positive Attachment','1',1907075507),(2.1,'Positive Attachment','1',1907075507),(2.2,'Positive Attachment','1',1907075507),(2.3,'No Attachment','1',1907075507),(2.4,'Positive Attachment','1',1907075507),(2.5,'No Attachment','1',1907075507),(2.6,'Positive Attachment','1',1907075507),(2.7,'No Attachment','1',1907075507),(2.8,'No Attachment','1',1907075507),(3.8,'No Attachment','1',1907075507),(3.7,'Positive Attachment','1',1907075507),(3.6,'Missing Tooth','1',1907075507),(3.5,'Positive Attachment','1',1907075507),(3.4,'No Attachment','1',1907075507),(3.3,'Positive Attachment','1',1907075507),(3.2,'Positive Attachment','1',1907075507),(3.1,'No Attachment','1',1907075507),(4.1,'No Attachment','1',1907075507),(4.2,'Positive Attachment','1',1907075507),(4.3,'Positive Attachment','1',1907075507),(4.4,'Positive Attachment','1',1907075507),(4.5,'No Attachment','1',1907075507),(4.6,'Positive Attachment','1',1907075507),(4.7,'No Attachment','1',1907075507),(4.8,'No Attachment','1',1907075507),(1.8,'No Attachment','1',1907295515),(1.7,'No Attachment','1',1907295515),(1.6,'Positive Attachment','1',1907295515),(1.5,'No Attachment','1',1907295515),(1.4,'Positive Attachment','1',1907295515),(1.3,'Positive Attachment','1',1907295515),(1.2,'Positive Attachment','1',1907295515),(1.1,'No Attachment','1',1907295515),(2.1,'No Attachment','1',1907295515),(2.2,'Positive Attachment','1',1907295515),(2.3,'Positive Attachment','1',1907295515),(2.4,'Positive Attachment','1',1907295515),(2.5,'No Attachment','1',1907295515),(2.6,'Positive Attachment','1',1907295515),(2.7,'No Attachment','1',1907295515),(2.8,'No Attachment','1',1907295515),(3.8,'No Attachment','1',1907295515),(3.7,'No Attachment','1',1907295515),(3.6,'Positive Attachment','1',1907295515),(3.5,'No Attachment','1',1907295515),(3.4,'Positive Attachment','1',1907295515),(3.3,'Positive Attachment','1',1907295515),(3.2,'Positive Attachment','1',1907295515),(3.1,'No Attachment','1',1907295515),(4.1,'No Attachment','1',1907295515),(4.2,'Positive Attachment','1',1907295515),(4.3,'Positive Attachment','1',1907295515),(4.4,'Positive Attachment','1',1907295515),(4.5,'No Attachment','1',1907295515),(4.6,'Positive Attachment','1',1907295515),(4.7,'No Attachment','1',1907295515),(4.8,'No Attachment','1',1907295515),(1.8,'No Attachment','1',1907295516),(1.7,'No Attachment','1',1907295516),(1.6,'Positive Attachment','1',1907295516),(1.5,'No Attachment','1',1907295516),(1.4,'Positive Attachment','1',1907295516),(1.3,'Positive Attachment','1',1907295516),(1.2,'Positive Attachment','1',1907295516),(1.1,'No Attachment','1',1907295516),(2.1,'No Attachment','1',1907295516),(2.2,'Positive Attachment','1',1907295516),(2.3,'Positive Attachment','1',1907295516),(2.4,'Positive Attachment','1',1907295516),(2.5,'No Attachment','1',1907295516),(2.6,'Positive Attachment','1',1907295516),(2.7,'No Attachment','1',1907295516),(2.8,'No Attachment','1',1907295516),(3.8,'No Attachment','1',1907295516),(3.7,'No Attachment','1',1907295516),(3.6,'Positive Attachment','1',1907295516),(3.5,'No Attachment','1',1907295516),(3.4,'Positive Attachment','1',1907295516),(3.3,'Missing Tooth','1',1907295516),(3.2,'No Attachment','1',1907295516),(3.1,'No Attachment','1',1907295516),(4.1,'No Attachment','1',1907295516),(4.2,'Extraction','1',1907295516),(4.3,'Positive Attachment','1',1907295516),(4.4,'Positive Attachment','1',1907295516),(4.5,'No Attachment','1',1907295516),(4.6,'Positive Attachment','1',1907295516),(4.7,'No Attachment','1',1907295516),(4.8,'No Attachment','1',1907295516),(1.8,'No Attachment','1',1907071512),(1.7,'No Attachment','1',1907071512),(1.6,'Positive Attachment','1',1907071512),(1.5,'No Attachment','1',1907071512),(1.4,'Positive Attachment','1',1907071512),(1.3,'Positive Attachment','1',1907071512),(1.2,'Positive Attachment','1',1907071512),(1.1,'No Attachment','1',1907071512),(2.1,'No Attachment','1',1907071512),(2.2,'Positive Attachment','1',1907071512),(2.3,'Positive Attachment','1',1907071512),(2.4,'Positive Attachment','1',1907071512),(2.5,'No Attachment','1',1907071512),(2.6,'Positive Attachment','1',1907071512),(2.7,'No Attachment','1',1907071512),(2.8,'No Attachment','1',1907071512),(3.8,'No Attachment','1',1907071512),(3.7,'No Attachment','1',1907071512),(3.6,'No Attachment','1',1907071512),(3.5,'No Attachment','1',1907071512),(3.4,'No Attachment','1',1907071512),(3.3,'No Attachment','1',1907071512),(3.2,'No Attachment','1',1907071512),(3.1,'No Attachment','1',1907071512),(4.1,'No Attachment','1',1907071512),(4.2,'No Attachment','1',1907071512),(4.3,'No Attachment','1',1907071512),(4.4,'No Attachment','1',1907071512),(4.5,'No Attachment','1',1907071512),(4.6,'No Attachment','1',1907071512),(4.7,'No Attachment','1',1907071512),(4.8,'No Attachment','1',1907071512),(1.8,'No Attachment','1',1907071505),(1.7,'No Attachment','1',1907071505),(1.6,'Positive Attachment','1',1907071505),(1.5,'No Attachment','1',1907071505),(1.4,'Positive Attachment','1',1907071505),(1.3,'Positive Attachment','1',1907071505),(1.2,'No Attachment','1',1907071505),(1.1,'No Attachment','1',1907071505),(2.1,'Positive Attachment','1',1907071505),(2.2,'Positive Attachment','1',1907071505),(2.3,'Positive Attachment','1',1907071505),(2.4,'Positive Attachment','1',1907071505),(2.5,'No Attachment','1',1907071505),(2.6,'Positive Attachment','1',1907071505),(2.7,'No Attachment','1',1907071505),(2.8,'No Attachment','1',1907071505),(3.8,'No Attachment','1',1907071505),(3.7,'No Attachment','1',1907071505),(3.6,'Positive Attachment','1',1907071505),(3.5,'No Attachment','1',1907071505),(3.4,'Positive Attachment','1',1907071505),(3.3,'Positive Attachment','1',1907071505),(3.2,'Positive Attachment','1',1907071505),(3.1,'No Attachment','1',1907071505),(4.1,'No Attachment','1',1907071505),(4.2,'Positive Attachment','1',1907071505),(4.3,'Positive Attachment','1',1907071505),(4.4,'No Attachment','1',1907071505),(4.5,'No Attachment','1',1907071505),(4.6,'Positive Attachment','1',1907071505),(4.7,'No Attachment','1',1907071505),(4.8,'No Attachment','1',1907071505),(1.8,'No Attachment','1',1809071121),(1.7,'No Attachment','1',1809071121),(1.6,'No Attachment','1',1809071121),(1.5,'No Attachment','1',1809071121),(1.4,'No Attachment','1',1809071121),(1.3,'No Attachment','1',1809071121),(1.2,'No Attachment','1',1809071121),(1.1,'No Attachment','1',1809071121),(2.1,'Positive Attachment','1',1809071121),(2.2,'No Attachment','1',1809071121),(2.3,'No Attachment','1',1809071121),(2.4,'No Attachment','1',1809071121),(2.5,'No Attachment','1',1809071121),(2.6,'No Attachment','1',1809071121),(2.7,'No Attachment','1',1809071121),(2.8,'No Attachment','1',1809071121),(3.8,'No Attachment','1',1809071121),(3.7,'No Attachment','1',1809071121),(3.6,'No Attachment','1',1809071121),(3.5,'No Attachment','1',1809071121),(3.4,'No Attachment','1',1809071121),(3.3,'No Attachment','1',1809071121),(3.2,'No Attachment','1',1809071121),(3.1,'No Attachment','1',1809071121),(4.1,'No Attachment','1',1809071121),(4.2,'No Attachment','1',1809071121),(4.3,'No Attachment','1',1809071121),(4.4,'No Attachment','1',1809071121),(4.5,'No Attachment','1',1809071121),(4.6,'No Attachment','1',1809071121),(4.7,'No Attachment','1',1809071121),(4.8,'No Attachment','1',1809071121),(1.8,'No Attachment','1a',1902295281),(1.7,'No Attachment','1a',1902295281),(1.6,'No Attachment','1a',1902295281),(1.5,'No Attachment','1a',1902295281),(1.4,'No Attachment','1a',1902295281),(1.3,'No Attachment','1a',1902295281),(1.2,'No Attachment','1a',1902295281),(1.1,'No Attachment','1a',1902295281),(2.1,'No Attachment','1a',1902295281),(2.2,'No Attachment','1a',1902295281),(2.3,'No Attachment','1a',1902295281),(2.4,'No Attachment','1a',1902295281),(2.5,'No Attachment','1a',1902295281),(2.6,'No Attachment','1a',1902295281),(2.7,'No Attachment','1a',1902295281),(2.8,'No Attachment','1a',1902295281),(3.8,'No Attachment','1a',1902295281),(3.7,'No Attachment','1a',1902295281),(3.6,'No Attachment','1a',1902295281),(3.5,'No Attachment','1a',1902295281),(3.4,'No Attachment','1a',1902295281),(3.3,'No Attachment','1a',1902295281),(3.2,'No Attachment','1a',1902295281),(3.1,'No Attachment','1a',1902295281),(4.1,'No Attachment','1a',1902295281),(4.2,'No Attachment','1a',1902295281),(4.3,'No Attachment','1a',1902295281),(4.4,'No Attachment','1a',1902295281),(4.5,'No Attachment','1a',1902295281),(4.6,'No Attachment','1a',1902295281),(4.7,'No Attachment','1a',1902295281),(4.8,'No Attachment','1a',1902295281),(1.8,'No Attachment','1',1907071520),(1.7,'No Attachment','1',1907071520),(1.6,'Positive Attachment','1',1907071520),(1.5,'No Attachment','1',1907071520),(1.4,'Positive Attachment','1',1907071520),(1.3,'Positive Attachment','1',1907071520),(1.2,'No Attachment','1',1907071520),(1.1,'No Attachment','1',1907071520),(2.1,'No Attachment','1',1907071520),(2.2,'No Attachment','1',1907071520),(2.3,'Positive Attachment','1',1907071520),(2.4,'Positive Attachment','1',1907071520),(2.5,'No Attachment','1',1907071520),(2.6,'Positive Attachment','1',1907071520),(2.7,'No Attachment','1',1907071520),(2.8,'No Attachment','1',1907071520),(3.8,'No Attachment','1',1907071520),(3.7,'No Attachment','1',1907071520),(3.6,'Positive Attachment','1',1907071520),(3.5,'No Attachment','1',1907071520),(3.4,'Positive Attachment','1',1907071520),(3.3,'Positive Attachment','1',1907071520),(3.2,'No Attachment','1',1907071520),(3.1,'No Attachment','1',1907071520),(4.1,'No Attachment','1',1907071520),(4.2,'No Attachment','1',1907071520),(4.3,'Positive Attachment','1',1907071520),(4.4,'Positive Attachment','1',1907071520),(4.5,'No Attachment','1',1907071520),(4.6,'Positive Attachment','1',1907071520),(4.7,'No Attachment','1',1907071520),(4.8,'No Attachment','1',1907071520),(1.8,'No Attachment','1b',1902295281),(1.7,'No Attachment','1b',1902295281),(1.6,'No Attachment','1b',1902295281),(1.5,'No Attachment','1b',1902295281),(1.4,'No Attachment','1b',1902295281),(1.3,'No Attachment','1b',1902295281),(1.2,'No Attachment','1b',1902295281),(1.1,'No Attachment','1b',1902295281),(2.1,'No Attachment','1b',1902295281),(2.2,'No Attachment','1b',1902295281),(2.3,'No Attachment','1b',1902295281),(2.4,'No Attachment','1b',1902295281),(2.5,'No Attachment','1b',1902295281),(2.6,'Positive Attachment','1b',1902295281),(2.7,'No Attachment','1b',1902295281),(2.8,'No Attachment','1b',1902295281),(3.8,'No Attachment','1b',1902295281),(3.7,'No Attachment','1b',1902295281),(3.6,'Positive Attachment','1b',1902295281),(3.5,'No Attachment','1b',1902295281),(3.4,'No Attachment','1b',1902295281),(3.3,'No Attachment','1b',1902295281),(3.2,'No Attachment','1b',1902295281),(3.1,'No Attachment','1b',1902295281),(4.1,'No Attachment','1b',1902295281),(4.2,'No Attachment','1b',1902295281),(4.3,'No Attachment','1b',1902295281),(4.4,'No Attachment','1b',1902295281),(4.5,'No Attachment','1b',1902295281),(4.6,'No Attachment','1b',1902295281),(4.7,'No Attachment','1b',1902295281),(4.8,'No Attachment','1b',1902295281),(1.8,'No Attachment','1',1907071517),(1.7,'No Attachment','1',1907071517),(1.6,'Positive Attachment','1',1907071517),(1.5,'No Attachment','1',1907071517),(1.4,'Positive Attachment','1',1907071517),(1.3,'Positive Attachment','1',1907071517),(1.2,'Positive Attachment','1',1907071517),(1.1,'No Attachment','1',1907071517),(2.1,'No Attachment','1',1907071517),(2.2,'Positive Attachment','1',1907071517),(2.3,'Positive Attachment','1',1907071517),(2.4,'Positive Attachment','1',1907071517),(2.5,'No Attachment','1',1907071517),(2.6,'Positive Attachment','1',1907071517),(2.7,'No Attachment','1',1907071517),(2.8,'No Attachment','1',1907071517),(3.8,'No Attachment','1',1907071517),(3.7,'No Attachment','1',1907071517),(3.6,'No Attachment','1',1907071517),(3.5,'No Attachment','1',1907071517),(3.4,'No Attachment','1',1907071517),(3.3,'No Attachment','1',1907071517),(3.2,'No Attachment','1',1907071517),(3.1,'No Attachment','1',1907071517),(4.1,'No Attachment','1',1907071517),(4.2,'No Attachment','1',1907071517),(4.3,'No Attachment','1',1907071517),(4.4,'No Attachment','1',1907071517),(4.5,'No Attachment','1',1907071517),(4.6,'No Attachment','1',1907071517),(4.7,'No Attachment','1',1907071517),(4.8,'No Attachment','1',1907071517),(1.8,'No Attachment','1',5000),(1.7,'No Attachment','1',5000),(1.6,'No Attachment','1',5000),(1.5,'No Attachment','1',5000),(1.4,'No Attachment','1',5000),(1.3,'No Attachment','1',5000),(1.2,'No Attachment','1',5000),(1.1,'No Attachment','1',5000),(2.1,'No Attachment','1',5000),(2.2,'No Attachment','1',5000),(2.3,'No Attachment','1',5000),(2.4,'No Attachment','1',5000),(2.5,'No Attachment','1',5000),(2.6,'No Attachment','1',5000),(2.7,'No Attachment','1',5000),(2.8,'No Attachment','1',5000),(3.8,'No Attachment','1',5000),(3.7,'No Attachment','1',5000),(3.6,'No Attachment','1',5000),(3.5,'No Attachment','1',5000),(3.4,'No Attachment','1',5000),(3.3,'No Attachment','1',5000),(3.2,'No Attachment','1',5000),(3.1,'No Attachment','1',5000),(4.1,'No Attachment','1',5000),(4.2,'No Attachment','1',5000),(4.3,'No Attachment','1',5000),(4.4,'No Attachment','1',5000),(4.5,'No Attachment','1',5000),(4.6,'No Attachment','1',5000),(4.7,'No Attachment','1',5000),(4.8,'No Attachment','1',5000),(1.8,'No Attachment','2',5000),(1.7,'No Attachment','2',5000),(1.6,'No Attachment','2',5000),(1.5,'No Attachment','2',5000),(1.4,'No Attachment','2',5000),(1.3,'No Attachment','2',5000),(1.2,'No Attachment','2',5000),(1.1,'No Attachment','2',5000),(2.1,'No Attachment','2',5000),(2.2,'No Attachment','2',5000),(2.3,'No Attachment','2',5000),(2.4,'No Attachment','2',5000),(2.5,'No Attachment','2',5000),(2.6,'No Attachment','2',5000),(2.7,'No Attachment','2',5000),(2.8,'No Attachment','2',5000),(3.8,'No Attachment','2',5000),(3.7,'No Attachment','2',5000),(3.6,'No Attachment','2',5000),(3.5,'No Attachment','2',5000),(3.4,'No Attachment','2',5000),(3.3,'No Attachment','2',5000),(3.2,'No Attachment','2',5000),(3.1,'No Attachment','2',5000),(4.1,'No Attachment','2',5000),(4.2,'No Attachment','2',5000),(4.3,'No Attachment','2',5000),(4.4,'No Attachment','2',5000),(4.5,'No Attachment','2',5000),(4.6,'No Attachment','2',5000),(4.7,'No Attachment','2',5000),(4.8,'No Attachment','2',5000),(1.8,'No Attachment','3',5000),(1.7,'No Attachment','3',5000),(1.6,'No Attachment','3',5000),(1.5,'No Attachment','3',5000),(1.4,'No Attachment','3',5000),(1.3,'No Attachment','3',5000),(1.2,'No Attachment','3',5000),(1.1,'No Attachment','3',5000),(2.1,'No Attachment','3',5000),(2.2,'No Attachment','3',5000),(2.3,'No Attachment','3',5000),(2.4,'No Attachment','3',5000),(2.5,'No Attachment','3',5000),(2.6,'No Attachment','3',5000),(2.7,'No Attachment','3',5000),(2.8,'No Attachment','3',5000),(3.8,'No Attachment','3',5000),(3.7,'No Attachment','3',5000),(3.6,'No Attachment','3',5000),(3.5,'No Attachment','3',5000),(3.4,'No Attachment','3',5000),(3.3,'No Attachment','3',5000),(3.2,'No Attachment','3',5000),(3.1,'No Attachment','3',5000),(4.1,'No Attachment','3',5000),(4.2,'No Attachment','3',5000),(4.3,'No Attachment','3',5000),(4.4,'No Attachment','3',5000),(4.5,'No Attachment','3',5000),(4.6,'No Attachment','3',5000),(4.7,'No Attachment','3',5000),(4.8,'No Attachment','3',5000),(1.8,'No Attachment','4',5000),(1.7,'No Attachment','4',5000),(1.6,'No Attachment','4',5000),(1.5,'No Attachment','4',5000),(1.4,'No Attachment','4',5000),(1.3,'No Attachment','4',5000),(1.2,'No Attachment','4',5000),(1.1,'No Attachment','4',5000),(2.1,'No Attachment','4',5000),(2.2,'No Attachment','4',5000),(2.3,'No Attachment','4',5000),(2.4,'No Attachment','4',5000),(2.5,'No Attachment','4',5000),(2.6,'No Attachment','4',5000),(2.7,'No Attachment','4',5000),(2.8,'No Attachment','4',5000),(3.8,'No Attachment','4',5000),(3.7,'No Attachment','4',5000),(3.6,'No Attachment','4',5000),(3.5,'No Attachment','4',5000),(3.4,'No Attachment','4',5000),(3.3,'No Attachment','4',5000),(3.2,'No Attachment','4',5000),(3.1,'No Attachment','4',5000),(4.1,'No Attachment','4',5000),(4.2,'No Attachment','4',5000),(4.3,'No Attachment','4',5000),(4.4,'No Attachment','4',5000),(4.5,'No Attachment','4',5000),(4.6,'No Attachment','4',5000),(4.7,'No Attachment','4',5000),(4.8,'No Attachment','4',5000),(1.8,'No Attachment','5',5000),(1.7,'No Attachment','5',5000),(1.6,'No Attachment','5',5000),(1.5,'No Attachment','5',5000),(1.4,'No Attachment','5',5000),(1.3,'No Attachment','5',5000),(1.2,'No Attachment','5',5000),(1.1,'No Attachment','5',5000),(2.1,'No Attachment','5',5000),(2.2,'No Attachment','5',5000),(2.3,'No Attachment','5',5000),(2.4,'No Attachment','5',5000),(2.5,'No Attachment','5',5000),(2.6,'No Attachment','5',5000),(2.7,'No Attachment','5',5000),(2.8,'No Attachment','5',5000),(3.8,'No Attachment','5',5000),(3.7,'No Attachment','5',5000),(3.6,'No Attachment','5',5000),(3.5,'No Attachment','5',5000),(3.4,'No Attachment','5',5000),(3.3,'No Attachment','5',5000),(3.2,'No Attachment','5',5000),(3.1,'No Attachment','5',5000),(4.1,'No Attachment','5',5000),(4.2,'No Attachment','5',5000),(4.3,'No Attachment','5',5000),(4.4,'No Attachment','5',5000),(4.5,'No Attachment','5',5000),(4.6,'No Attachment','5',5000),(4.7,'No Attachment','5',5000),(4.8,'No Attachment','5',5000),(1.8,'Positive Attachment','1',6000),(1.7,'No Attachment','1',6000),(1.6,'No Attachment','1',6000),(1.5,'No Attachment','1',6000),(1.4,'No Attachment','1',6000),(1.3,'No Attachment','1',6000),(1.2,'No Attachment','1',6000),(1.1,'No Attachment','1',6000),(2.1,'No Attachment','1',6000),(2.2,'No Attachment','1',6000),(2.3,'No Attachment','1',6000),(2.4,'No Attachment','1',6000),(2.5,'No Attachment','1',6000),(2.6,'No Attachment','1',6000),(2.7,'No Attachment','1',6000),(2.8,'Negative Attachment','1',6000),(3.8,'Missing Tooth','1',6000),(3.7,'No Attachment','1',6000),(3.6,'No Attachment','1',6000),(3.5,'No Attachment','1',6000),(3.4,'No Attachment','1',6000),(3.3,'No Attachment','1',6000),(3.2,'No Attachment','1',6000),(3.1,'No Attachment','1',6000),(4.1,'No Attachment','1',6000),(4.2,'No Attachment','1',6000),(4.3,'No Attachment','1',6000),(4.4,'No Attachment','1',6000),(4.5,'No Attachment','1',6000),(4.6,'No Attachment','1',6000),(4.7,'No Attachment','1',6000),(4.8,'Extraction','1',6000),(1.8,'Positive Attachment','2',6000),(1.7,'No Attachment','2',6000),(1.6,'No Attachment','2',6000),(1.5,'No Attachment','2',6000),(1.4,'No Attachment','2',6000),(1.3,'No Attachment','2',6000),(1.2,'No Attachment','2',6000),(1.1,'No Attachment','2',6000),(2.1,'No Attachment','2',6000),(2.2,'No Attachment','2',6000),(2.3,'No Attachment','2',6000),(2.4,'No Attachment','2',6000),(2.5,'No Attachment','2',6000),(2.6,'No Attachment','2',6000),(2.7,'No Attachment','2',6000),(2.8,'Negative Attachment','2',6000),(3.8,'Missing Tooth','2',6000),(3.7,'No Attachment','2',6000),(3.6,'No Attachment','2',6000),(3.5,'No Attachment','2',6000),(3.4,'No Attachment','2',6000),(3.3,'No Attachment','2',6000),(3.2,'No Attachment','2',6000),(3.1,'No Attachment','2',6000),(4.1,'No Attachment','2',6000),(4.2,'No Attachment','2',6000),(4.3,'No Attachment','2',6000),(4.4,'No Attachment','2',6000),(4.5,'No Attachment','2',6000),(4.6,'No Attachment','2',6000),(4.7,'No Attachment','2',6000),(4.8,'Extraction','2',6000),(1.8,'No Attachment','1',1907075511),(1.7,'No Attachment','1',1907075511),(1.6,'Positive Attachment','1',1907075511),(1.5,'No Attachment','1',1907075511),(1.4,'Positive Attachment','1',1907075511),(1.3,'Positive Attachment','1',1907075511),(1.2,'No Attachment','1',1907075511),(1.1,'Positive Attachment','1',1907075511),(2.1,'Positive Attachment','1',1907075511),(2.2,'No Attachment','1',1907075511),(2.3,'Positive Attachment','1',1907075511),(2.4,'Positive Attachment','1',1907075511),(2.5,'No Attachment','1',1907075511),(2.6,'Positive Attachment','1',1907075511),(2.7,'No Attachment','1',1907075511),(2.8,'No Attachment','1',1907075511),(3.8,'No Attachment','1',1907075511),(3.7,'No Attachment','1',1907075511),(3.6,'Positive Attachment','1',1907075511),(3.5,'No Attachment','1',1907075511),(3.4,'Positive Attachment','1',1907075511),(3.3,'Positive Attachment','1',1907075511),(3.2,'Positive Attachment','1',1907075511),(3.1,'No Attachment','1',1907075511),(4.1,'No Attachment','1',1907075511),(4.2,'No Attachment','1',1907075511),(4.3,'Positive Attachment','1',1907075511),(4.4,'Positive Attachment','1',1907075511),(4.5,'No Attachment','1',1907075511),(4.6,'Positive Attachment','1',1907075511),(4.7,'No Attachment','1',1907075511),(4.8,'No Attachment','1',1907075511),(1.8,'No Attachment','1',1907061514),(1.7,'No Attachment','1',1907061514),(1.6,'Positive Attachment','1',1907061514),(1.5,'No Attachment','1',1907061514),(1.4,'Positive Attachment','1',1907061514),(1.3,'No Attachment','1',1907061514),(1.2,'Positive Attachment','1',1907061514),(1.1,'Byte Ram','1',1907061514),(2.1,'Byte Ram','1',1907061514),(2.2,'Positive Attachment','1',1907061514),(2.3,'Positive Attachment','1',1907061514),(2.4,'Positive Attachment','1',1907061514),(2.5,'No Attachment','1',1907061514),(2.6,'Positive Attachment','1',1907061514),(2.7,'No Attachment','1',1907061514),(2.8,'No Attachment','1',1907061514),(3.8,'No Attachment','1',1907061514),(3.7,'No Attachment','1',1907061514),(3.6,'Positive Attachment','1',1907061514),(3.5,'No Attachment','1',1907061514),(3.4,'Positive Attachment','1',1907061514),(3.3,'Positive Attachment','1',1907061514),(3.2,'Positive Attachment','1',1907061514),(3.1,'No Attachment','1',1907061514),(4.1,'No Attachment','1',1907061514),(4.2,'Positive Attachment','1',1907061514),(4.3,'Positive Attachment','1',1907061514),(4.4,'No Attachment','1',1907061514),(4.5,'Positive Attachment','1',1907061514),(4.6,'Positive Attachment','1',1907061514),(4.7,'No Attachment','1',1907061514),(4.8,'No Attachment','1',1907061514),(1.8,'No Attachment','1',1907295499),(1.7,'No Attachment','1',1907295499),(1.6,'Positive Attachment','1',1907295499),(1.5,'No Attachment','1',1907295499),(1.4,'Positive Attachment','1',1907295499),(1.3,'Positive Attachment','1',1907295499),(1.2,'Positive Attachment','1',1907295499),(1.1,'Bridge','1',1907295499),(2.1,'Bridge','1',1907295499),(2.2,'Positive Attachment','1',1907295499),(2.3,'Positive Attachment','1',1907295499),(2.4,'Positive Attachment','1',1907295499),(2.5,'No Attachment','1',1907295499),(2.6,'Positive Attachment','1',1907295499),(2.7,'No Attachment','1',1907295499),(2.8,'No Attachment','1',1907295499),(3.8,'No Attachment','1',1907295499),(3.7,'No Attachment','1',1907295499),(3.6,'Positive Attachment','1',1907295499),(3.5,'No Attachment','1',1907295499),(3.4,'Positive Attachment','1',1907295499),(3.3,'Positive Attachment','1',1907295499),(3.2,'No Attachment','1',1907295499),(3.1,'Positive Attachment','1',1907295499),(4.1,'No Attachment','1',1907295499),(4.2,'No Attachment','1',1907295499),(4.3,'Positive Attachment','1',1907295499),(4.4,'Positive Attachment','1',1907295499),(4.5,'No Attachment','1',1907295499),(4.6,'Positive Attachment','1',1907295499),(4.7,'No Attachment','1',1907295499),(4.8,'No Attachment','1',1907295499);
/*!40000 ALTER TABLE `teeth_attachment` ENABLE KEYS */;
UNLOCK TABLES;
/*!40103 SET TIME_ZONE=@OLD_TIME_ZONE */;

/*!40101 SET SQL_MODE=@OLD_SQL_MODE */;
/*!40014 SET FOREIGN_KEY_CHECKS=@OLD_FOREIGN_KEY_CHECKS */;
/*!40014 SET UNIQUE_CHECKS=@OLD_UNIQUE_CHECKS */;
/*!40101 SET CHARACTER_SET_CLIENT=@OLD_CHARACTER_SET_CLIENT */;
/*!40101 SET CHARACTER_SET_RESULTS=@OLD_CHARACTER_SET_RESULTS */;
/*!40101 SET COLLATION_CONNECTION=@OLD_COLLATION_CONNECTION */;
/*!40111 SET SQL_NOTES=@OLD_SQL_NOTES */;

-- Dump completed on 2019-08-05 18:02:37
